"AU","TI","SO","PY","AB","DE","ID"
"","WHO collaborative registration procedure using stringent regulatory authorities' medicine evaluation  reliance in action","",2022,"","","10.1080/17512433.2022.2037419"
"","WHO原料药预认证项目","",2014,"","",NA
"","WHO监管评估体系概况及对我国药品监管国际化的思考","",NA,"","",NA
"","WHO药品预认证项目为我国药品生产企业的国际化开辟道路","",2014,"","",NA
"","世界卫生组织化学药品资格预审分析与探讨","",2025,"","","10.16153/j.1002-7777.2024-12-0025"
"","基于世界卫生组织认证分析我国医药行业国际化的机遇与挑战","",2021,"","","10.16153/j.l"
"","复方青蒿素的国际化之路及其启示 (1)","",2025,"","","10.12014/j.issn.1002-0772.2025.11.13"
"","药品国际监管协调的发展现状研究与思考","",NA,"","",NA
"","解读世界卫生组织药品预认证项目","",2014,"","",NA
"","2012年医药外贸的变与不变-李辉","",2012,"","",NA
"","A new phase of China-ASEAN health cooperation the China-ASEAN Beijing Declaration on Cooperation in Innovation of Health Products and Technologies","",NA,"","",NA
"","Evolution and effectiveness of bilateral and multilateral development assistance for health","",NA,"","",NA
"","Evolving market-shaping strategies to boost access to essential medical products in developing countries with HIV self-testing as a case study","",NA,"","",NA
"","Factors associated with the export of traditional","",NA,"","",NA
"","Factors associated with the utilization of diagnostic tools among countries with different income levels during the COVID-19 pandemic","",NA,"","",NA
"","Industry Perceptions and Experiences with the Access Consortium New Active Substance Work-Sharing Initiative (NASWSI)  Survey Results and Recommendations","",NA,"","",NA
"","N10外刊全文 2026 1462-8902 28 2 81537052","",2026,"","",NA
"","N1 Enhancing innovative financing","",NA,"","",NA
"","N2 Evaluation WHO integration","",NA,"","",NA
"","N3 Access antimalarial AsiaPacific","",NA,"","",NA
"","N4jogh-16-04145n","",NA,"","",NA
"","N5 CHIKV modeling","",NA,"","",NA
"","N5s12889-026-28110-9 reference","",NA,"","",NA
"","N6中刊全文 2026 R1 93174A 058 003 7203755179","",2026,"","",NA
"","N7resource 2026 07 18 1784350246821","",2026,"","",NA
"","N8 Volume based procurement TB","",NA,"","",NA
"","N9 Influenza seasonality","",NA,"","",NA
"","Redefining Debt-to-Health, a triple-win health financing instrument in global health","",NA,"","",NA
"","Regulatory reliance for convergence and harmonisation in the medical device space in Asia-Pacific","",NA,"","",NA
"","Rethinking international financing for health to better respond to future pandemics","",NA,"","",NA
"","Seasonal malaria chemoprevention in Africa and China’s upgraded role as a contributor","",NA,"","",NA
"","The global regulatory landscape for combined vaccines","",NA,"","",NA
"","The priority areas and possible pathways for health cooperation in BRICS countries","",NA,"","",NA
"","efpia-positionpaper-on-who-asean-joint-assessment","",NA,"","",NA
"","中国抗疟产品的可持续发展路径-黄旸木","",NA,"","",NA
"","中国生物医药企业对外授权交易 许铭2026","",2026,"","",NA
"","中国生物医药企业对外授权交易的演变趋势与相关因素分析 NormalPdf(2)","",NA,"","",NA
"","中药开拓欧洲市场机遇与困难同在-许铭","",NA,"","",NA
"","以艾滋病毒自我检测为例，不断发展市场塑造战略，以促进发展中国家获得基本医疗产品的机会","",NA,"","",NA
"","协和硕士-世界卫生组织在华合作中心参与全球卫生治理评价指标体系研究-杜海平","",NA,"","",NA
"","协和硕士-中美在妇幼健康领域对东盟国家合作比较研究-谭翔彬","",NA,"","",NA
"","国际化发展视角下中印传统医学对比研究-陈莹","",NA,"","",NA
"","基于全球治理五要素理论的WHO公共卫生产品治理机制分析-杨坚","",NA,"","",NA
"","基于全生命周期维度的全球卫生公共产品可及性研究-冯香凝","",NA,"","",NA
"","对非医疗合作与援助 挑战及建议-许铭","",NA,"","",NA
"","市场塑造策略在全球公共卫生产品供应治理中的应用及其对中国的启示-杨坚","",NA,"","",NA
"","我国医药企业国际化路径分析-许铭","",NA,"","",NA
"","抗击艾滋病、结核病和疟疾全球基金在全球卫生发展中的作用及与中国的合作-许铭","",NA,"","",NA
"","新格局下全球卫生治理及对中国的路径建议-周书铎","",NA,"","",NA
"","非洲季节性疟疾化学预防和中国作为贡献者角色的升级：范围界定审查","",NA,"","",NA
"Moustafa Kardjadj","Advances in Point-of-Care Infectious Disease Diagnostics: Integration of Technologies, Validation, Artificial Intelligence, and Regulatory Oversight.","Diagnostics (Basel, Switzerland)",2025,"Point-of-care (POC) infectious disease diagnostics are reshaping global health by delivering rapid, decentralized, and clinically actionable results that link bedside testing to population-level surveillance. Valued at approximately USD 53 billion in 2024 and projected to nearly double by 2033, the global POC diagnostics market is driven by infectious disease assays and accelerated by innovations in molecular amplification, biosensors, microfluidics, and artificial intelligence (AI). This review integrates current evidence across technological, clinical, regulatory, and public health domains. Immunoassays remain the backbone of volume deployment, while molecular nucleic acid amplification tests (NAATs) and emerging CRISPR-based platforms achieve laboratory-grade sensitivity at the point of care. AI has transitioned from an experimental tool to an embedded analytical layer that enhances image interpretation, multiplex signal deconvolution, and automated quality control. Rigorous validation, including analytical accuracy, clinical performance in intended-use settings, and usability testing under CLIA guidance, remains central to ensuring reliability in decentralized environments. Regulatory frameworks are adapting in parallel: FDA's lifecycle oversight of AI-enabled devices, the European IVDR's expanded evidence requirements, and the WHO Prequalification all emphasize continuous post-market surveillance. From a public health perspective, POC diagnostics have improved early case detection, treatment initiation, and outbreak containment for HIV, tuberculosis, malaria, influenza, RSV, and COVID-19. Yet persistent challenges (including limited harmonization of standards, uneven reimbursement, and scarce real-world data from low- and middle-income countries) continue to constrain equitable adoption. POC infectious disease diagnostics are thus entering a pivotal phase of digitization and regulatory maturity. Addressing remaining gaps in validation, lifecycle monitoring, and implementation equity will determine whether these technologies achieve their full promise as clinical accelerators and as cornerstones of global infectious disease preparedness.","CLIA waiver; CRISPR-based diagnostics; analytical and clinical validation; antimicrobial stewardship; artificial intelligence; biosensors; digital surveillance; global health; immunoassays; infectious diseases; machine learning; microfluidics; molecular diagnostics; point-of-care diagnostics; post-market surveillance; public health impact; regulatory frameworks","10.3390/diagnostics15222845"
"Katrina Perehudoff; Pramiti Parwani; Seraphine Bruinsma","Advancing vaccines justice through international regulatory pathways.","Global public health",2025,"Vaccines are essential for preventing infectious diseases and promoting population health; however, equitable global access to vaccines remains elusive. Regulatory approval of vaccines is a critical step on the path towards global vaccines justice, yet the resources required can impede timely decision making. Regulatory reliance, where authorities use other agencies' assessments of new vaccines to make local decisions about their benefit-risk profile, can expedite regulatory decision making. In this Commentary, we apply a critical lens inspired by 'Third World Approaches to International Law' to vaccine justice that challenges the dominant narratives in international pharmaceutical regulatory policy from the perspective of historically marginalised LMICs. This Commentary's main contribution is to illustrate how modern trends in regulatory reliance - namely South-South reliance and reliance on opinions by the European Medicines Agency about medicinal products for global health (rather than evaluations of medicines destined for the European Union market) - are embracing 'third world approaches' to vaccines justice. Strengthening capacity through international regulatory pathways can help alleviate bottlenecks in the approval of vaccines that have already been deemed safe, effective, and quality-assured by qualified regulators, thereby streamlining registration processes and accelerating global access, particularly in an emergency situation.","Access to medicines; global health; pharmaceutical regulation; reliance; vaccines","10.1080/17441692.2025.2566730"
"Elvin Irihamye; Justin Hadad; Natasha Ali; Bruno Holthof; Francis Wafula; Chris Paton; Mike English; Shobhana Nagraj","Sustainable by Design: Digital Health Business Models for Equitable Global Health Impact in Low-Income and Low-Middle-Income Countries.","Mayo Clinic proceedings. Digital health",2025,"This study explores challenges and potential strategies related to sustaining digital health business models and markets in low-income and low-middle-income countries using a critical interpretive synthesis approach. We extracted 21 articles from a database search that yielded over 1300 hits and used insights from 7 expert reviewers with experience operating or funding digital health companies in low-middle -income countries. Findings reveal 4 key challenges: (1) internal challenges related to managing value creation for complex stakeholder networks and external challenges related to (2) infrastructure, (3) financing, and (4) regulation. Entrepreneurs must address these through iterative business strategies, but broader market-shaping interventions remain essential. Such interventions could include facilitating strategic partnerships, fit-for-purpose regulation, enhancing public procurement, and innovative financing instruments. Health systems can tailor interventions around their unique contexts by prioritizing technologies, recruiting local market participants, analyzing shared barriers in the business environment, focusing on feasible interventions, and iterating to sustain a competitive environment.","","10.1016/j.mcpdig.2025.100261"
"Nahoko Shindo; Anne Huvos; Tim Nguyen","Evolution of WHO Influenza Antiviral Stockpile: Rapid Access and Use in Low- and Middle-Income Countries for Pandemic Preparedness and Response.","The Journal of infectious diseases",2025,"The SARS outbreak and influenza A(H5N1) infections (2003-2004) prompted WHO to establish a global influenza antiviral stockpile, enabling rapid distribution to 72 countries during the 2009 A(H1N1) pandemic. To improve access in low- and middle-income countries, WHO added antivirals to the WHO Model List of Essential Medicines and included them in the Prequalification Programme. The 2011 Pandemic Influenza Preparedness Framework refined strategies for equitable access and rapid response. Lessons from COVID-19 led to a new WHO-led mechanism-the Interim Medical Countermeasures Network (i-MCM-net)-which supports integrated supply chains, real-time data sharing, research and development, and equitable access. WHO continues to emphasise equity and global solidarity, highlighting the need for accessible, effective, and affordable antivirals alongside vaccines to protect vulnerable populations and mitigate the impact of future pandemics.","WHO essential medicines & prequalification; antiviral stockpile strategy; equitable access in LMIC; influenza pandemic preparedness; medical counternmeasures network (i-MCM-net)","10.1093/infdis/jiaf379"
"Alex Emilio Fischer; Samanta Tresha Lalla-Edward; Vinodh Edward; Musaed Abrahams; Luke Shankland; John de Wit","Should Digital Interventions for HIV Self-Testing Be Regulated with World Health Organization Prequalification?","JMIR mHealth and uHealth",2025,"HIV self-testing (HIVST) allows people to test for HIV outside traditional health facilities, but this presents challenges around pre- and posttest counseling, reporting results, and linking to care. Digital interventions for HIVST, a type of Software as a Medical Device (SaMD), have been shown to address these challenges, but there is currently no standardized system for regulating or approving these interventions. The World Health Organization Prequalification Program (WHOPQ) is an international regulatory body that approves vaccines, medications, and in vitro diagnostics (IVDs) for low- and middle-income countries that do not have the capacity to do their own approvals. This paper explores whether WHOPQ could be used to prequalify digital interventions for HIVST. Over half the World Health Organization (WHO) member states have national regulatory bodies for medical devices, but low- and middle-income countries, especially in Africa, do not have the capacity to regulate medical devices, let alone SaMD. This gap parallels the gap in vaccine regulation that initially led to the development of WHOPQ, and while sophisticated artificial intelligence (AI)-enabled SaMD are being developed, digital interventions for HIVST could be used as a low-risk test case for prequalification of SaMD. The WHOPQ already has a strong history with HIV; over half the WHOPQ funding is from HIV-related funders and half of all prequalified medicines and IVDs are for treatment and diagnosis of HIV; however, only 2% are manufactured in Africa. If digital interventions for HIVST become prequalified, this could improve interoperability and ensure quality, accelerating their adoption at scale. However, care must be taken to remove barriers for African developers and ensure that prequalification does not delay access to people testing for HIV.","Africa; HIV self-screening; HIV testing; LMIC; Software as a Medical Device; WHO; World Health Organization; accessibility; digital health; low- and middle-income countries; vaccination; vaccine regulation","10.2196/60276"
"Pramiti Parwani; Katrina Perehudoff; Anniek de Ruijter","Trust Beyond Borders: European External Regulatory Influence on Access to Medicines.","The Journal of law, medicine & ethics : a journal of the American Society of Law, Medicine & Ethics",2025,"European institutions are widely recognized as wielding regulatory power in a globalized market, exporting its standards across borders and between sectors. This paper asks what institutional dynamics catalyze European external regulatory impact on pharmaceutical governance in low- and middle-income countries (LMICs). The research focuses on two European regulatory bodies, the European Medicines Agency (EMA) and the European Patent Office (EPO), and explores the dynamics of their technocratic outreach beyond European borders. We find that trust is a key underlying institutional dynamic facilitating some forms of European external relations. The agencies extend their influence through technical assistance, collaboration, and work-sharing with LMIC regulators, fostering a one-sided relationship of ""technocratic trust."" This trust, reinforced by international regulatory frameworks that position the EMA and EPO as ""trustworthy"" regulators, enables these agencies to expand their regulatory influence beyond Europe. By critically examining the impact of this trust-building on LMICs' regulatory autonomy, this research contributes to the broader discourse on European regulatory power in global health governance and highlights potential implications for pharmaceutical markets and access in LMICs.","European Medicines Agency (EMA); European Patent Office (EPO); European Regulatory Bodies; Pharmaceuticals Access; Trust","10.1017/jme.2025.10140"
"Sarfaraz K Niazi","Bridging the Regulatory Divide: A Dual-Pathway Framework Using SRA Approvals and AI Evaluation to Ensure Drug Quality in Developing Countries.","Pharmaceuticals (Basel, Switzerland)",2025,"","SRA reliance; artificial intelligence; developing countries; drug quality; pharmaceutical regulation; quality assurance; regulatory harmonization","10.3390/ph18071024"
"Razieh Ostad Ali Dehaghi; Alireza Khadem Broojerdi; Alaa Magdy; Marie Valentin; Juliati Dahlan; Obaidullah Malik; Richard H Siggers; Edwin Nkansah; Hiiti B Sillo","Strengthening Vaccine Regulation: Insights from COVID-19 Vaccines, Best Practices, and Lessons for Future Public Health Emergencies.","Vaccines",2025,"","COVID-19 vaccine; Emergency Use Authorization (EUA); Emergency Use Listing (EUL); global health governance; regulatory preparedness; regulatory reliance; regulatory system; vaccines approval","10.3390/vaccines13060638"
"S Dube-Mwedzi; F Suleman","Evaluation of the implementation and the associated operating costs of a medicine regulatory harmonisation model in Africa: the case of ZaZiBoNa, a SADC work-sharing initiative.","Journal of pharmaceutical policy and practice",2025,"To improve the access to and affordability of medicines, countries in the Southern African Development Community (SADC) established ZaZiBoNa, a medicine regulatory harmonisation initiative. Studies have evaluated the initiative's technical and operational efficiencies and effectiveness. This study evaluated ZaZiBoNa from project implementation and cost perspectives, at the 5-year mark, to establish a business case for further investment. A quantitative and desk review were undertaken. Two surveys, one with 7 National Regulatory Authorities (NRAs) that participated in the initiative in the initial 5 years were conducted and the other with 40 pharmaceutical companies who submitted applications in the same period were recruited to share their perceived experiences and expectations with the collaborative initiative. All 7 NRAs agreed the initiative had generally achieved its objectives and participation was beneficiary. As of June 2022, the 7 NRAs had registered 152 of the 235 (64.7%) products assessed during the study period, with a median time from joint assessment recommendations to registration of 7 months, against a target of 3 months (range: 4 to 14 months). Of the industry respondents ( The study also highlighted that implementation of initiatives could take time and that some goals can only be achieved in the medium to long term. This is a lesson for other collaboration initiatives in Africa, such as the African Medicines Agency.","SADC; ZaZiBoNa; collaborative initiatives; cost; efficiency; medicines regulatory harmonisation; regulation","10.1080/20523211.2025.2490565"
"Eba Ajima; Chukwunonso Nwaokorie; Naanma Kangkum; Lola Ameyan; Obruche Sophia Ogefere; Eric Aigbogun; Valentine Amasiatu; Uchenna Igbokwe","Establishing Sustainable Access to Quality Uterotonics in Kano, Lagos and Niger States-A Supply Chain Perspective.","The International journal of health planning and management",2025,"The quality of oxytocin and misoprostol, the most widely used uterotonics for postpartum haemorrhage (PPH) management, suffer supply chain challenges and climactic susceptibilities. To describe a supply chain strengthening programme for introducing heat-stable Carbetocin (HSC), to health facilities in Kano, Lagos and Niger states. Human-centred design (HCD) was employed to uncover uterotonics supply chain challenges and to identify priority interventions across a market-shaping value chain to facilitate the rollout of HSC. Through a mixed-methods approach and interviews with 203 stakeholders, challenges in the uterotonics supply chain and potential solutions were identified. A market-shaping value chain was employed to map HSC introduction and rollout, focusing on key interventions. Before the project initiation, we established clear objectives including identifying barriers, introduction and rollout journey mapping of HSC. Using HCD, HSC was successfully rolled out to over 87 health facilities. Employing the market-shaping value chain, pivotal interventions were executed. These included policy updates (inclusion of HSC in the National and States Essential Medicines List), regulatory actions (registering Carbetocin with NAFDAC), financing strategies (co-developing state roadmaps for sustainable procurements), supply management (reducing stock-outs) and healthcare provider training on supply chain management practices. These efforts facilitated seamless integration of HSC into the states' supply chains. HCD and market-shaping value chain approach were employed to introduce HSC in Nigeria. This study shows that integrating these approaches can enhance the availability and accessibility of essential medicines, offering potential replicability in similar health systems.","heat‐stable Carbetocin; human‐centred design; market‐shaping; postpartum haemorrhage","10.1002/hpm.3910"
"Patricia Mouta Nunes de Oliveira; Katharina Hartmann; Chetanraj Bhamare; Maria Beatriz Bastos Lucchesi; DCVMN PV Working Group","Active vaccine safety surveillance in low- and middle-income countries: Challenges for vaccine manufacturers from emerging countries.","Vaccine",2025,"Developing Countries Vaccine Manufacturers Network (DCVMN) is an alliance of vaccine developers, manufacturers, and marketing authorization holders (MAHs) from low- and middle-income countries (LMICs) that plays a vital role in ensuring equitable, inclusive, accountable, and timely access to affordable, high-quality vaccines in these countries. Besides research and development, this network promotes manufacturing and global supply chains for effective strengthening of regulatory and pharmacovigilance activities. Traditionally, vaccine safety surveillance systems in LMICs rely on spontaneous reporting. However, especially in resource-limited settings, robust passive surveillance is lacking, and active vaccine safety surveillance (AVSS) can complement passive surveillance by actively collecting adverse events at sentinel sites or via formally designed observational (non-interventional) studies. The rapid introduction of novel vaccines during the COVID-19 pandemic with rather limited safety information at deployment accelerated the need for comprehensive AVSS in LMICs to detect potential safety concerns that may not have been identified in pre-licensure trials. In this context, national regulatory agencies (NRAs) and the World Health Organization (WHO) prequalification team requested risk management plans (RMPs) in line with Pharmacovigilance Planning guideline. The submitted RMPs contained the companies' commitments to pharmacovigilance activities encompassing both post-approval routine surveillance (passive) and additional active surveillance activities. These AVSS activities were either committed voluntarily by the manufacturers/MAHs or imposed by the NRA/WHO prequalification in case of important identified or potential risks, or important missing information. Unlike passive surveillance, AVSS relies on various epidemiological methodologies that require resources and expertise. DCVMN initiated a ""learn-by-doing"" project to support manufacturers/MAHs in performing AVSS. This project focused on improving the understanding of AVSS and its tools, investigated the support needs, opportunities, challenges, and barriers to performing AVSS activities in LMICs, and proposed solutions that could be used to mitigate the main challenges in performing AVSS activities in these countries.","Guidance; Infectious disease; Low- and middle-income countries; Pharmacovigilance; Safety; Vaccination","10.1016/j.vaccine.2025.126727"
"Elize Massard da Fonseca; Herschel S Nachlis; Kyle Thomson; Holly Jarman","Borrowing regulatory capacity in middle-income countries during public health crises: Brazil, regulatory reliance, and the politics of COVD-19 vaccine regulation.","Social science & medicine (1982)",2025,"The COVID-19 pandemic underscored the critical role of states' regulatory capacities. Countries had to authorize novel vaccine technologies in the context of scientific uncertainty and political pressure, issues particularly acute in middle-income countries (MICs) less familiar with the procedures needed to streamline regulatory processes during a crisis. How did regulatory agencies in countries still building their regulatory capacities expedite the authorization of new COVID-19 vaccines to combat the pandemic? How did they navigate political pressures to expedite vaccine approval while maintaining safety and efficacy standards? We explore these questions through the case of Brazil, which has one of Latin America's most highly-regarded regulatory authorities, but was subject to acute political conflicts. In response to these tensions, the Brazilian National Health Surveillance Agency (Anvisa) leveraged ""regulatory reliance"" to expedite the authorization of COVID-19 vaccines. Regulatory reliance, the practice of relying on the decisions and procedures of external advanced regulatory agencies, allowed Anvisa to bolster its internal capacity and navigate domestic political challenges. This paper highlights the dual benefits of regulatory reliance: enhancing regulatory efficiency during crises and mitigating politicization pressures. The findings demonstrate that MICs can better respond to public health emergencies by integrating external expertise, thus contributing to global regulatory resilience. In addition, the implications extend to broader regulatory political economy discussions, suggesting that reliance mechanisms can fortify less mature regulatory systems and promote convergence even in the absence of global harmonization.","","10.1016/j.socscimed.2024.117563"
"Trudy D Leong; Jacqui Miot; Andy Parrish; Jane Riddin; Yasmina Johnson; Tamara Kredo","Case studies of health economic analyses informing pharmaceutical health technology assessments for essential medicine selection and public-sector guidelines in South Africa.","International journal of technology assessment in health care",2024,"Constrained resources under universal health coverage (UHC) necessitate a balance between medication costs and essential health system requirements. Policymakers practice priority-setting, as either implicit or explicit rationing, embedded in evidence-informed decision-making processes to guide funding decisions. Health technology assessment (HTA) is a method that may assist explicit evidence-informed priority setting. South Africa developed an official HTA methods guide in 2022, however before this, commissioning and performing economic evaluations was not standardized. We conducted a descriptive collective case study to explore the impact of economic analyses on the selection of, and access to, essential medicines in South Africa. Four cases were purposefully selected, and both official information and secondary data, including media reports, were reviewed. Data elements were extracted and organized in a matrix. Cases were reported narratively with a positivist epistemological approach, presenting the authors' reflections. We found economic analyses that reflected methodologies described in the HTA guide: international reference pricing, cost-minimization, cost-effectiveness, cost-utility, and budget impact analyses. Economic analyses informing the 'resource-use' domain in the GRADE evidence-to-decision framework supported decision-making, influenced market-shaping with price reductions of interventions through benchmarking (fosfomycin, flucytosine), improved equitable access nationally (flucytosine), and prioritized a defined patient group in a justifiable and transparent manner (bortezomib). A standardized HTA evaluation process guided by a nationally accepted framework is necessary for evidence-informed decision-making. Economic analyses (cost-effectiveness, affordability, and resource use) should be consistently included when making decisions on new interventions.","clinical guidelines; economic analysis; essential medicines; health technology assessment; universal health coverage","10.1017/S0266462324000448"
"Evans Duah; Richard Kobina Dadzie Ephraim; Evans Mantiri Mathebula; Tivani Phosa Mashamba-Thompson","REASSURED evaluation of the Bioline HCV point-of-care testing for diagnosing hepatitis C virus infection in primary healthcare settings of Ghana: a study protocol.","BMJ open",2024,"Hepatitis C virus (HCV) infection is a silent epidemic that needs a comprehensive and contextualised approach to manage. Access to readily available, affordable and acceptable HCV point-of-care (POC) in vitro diagnostics (IVDs) is equally required to meet the global HCV goals. However, most guidelines for evaluating these IVDs such as the WHO prequalification process and country-specific standards disproportionately focus on diagnostic performance. The real-time connectivity, ease of specimen collection, affordability, sensitivity, specificity, user-friendliness, rapidity and robustness, equipment-free or simplicity and deliverability to end-users (REASSURED) criteria provide a holistic and user-oriented evaluation of the IVDs in the populations they are meant to be used. Therefore, as part of a multinational study in sub-Saharan Africa, we will conduct an evaluation of the Bioline HCV POC test for diagnosing HCV infection in primary healthcare settings of Ghana using the REASSURED criteria. This field evaluation will be conducted in three phases. The first phase will use a cross-sectional field evaluation study design to evaluate the diagnostic performance of the Bioline HCV POC test. The second phase will use mixed methods to ascertain operational characteristics and users' perceptions. In the third phase, a cross-sectional survey will be used to estimate the costs of accessing HCV diagnostics services using three proposed HCV testing models to inform the affordability of the testing pathways and linkage to care in the primary healthcare clinics. This phase will run concurrently with the second phase of the study. Thematic content analysis and quantitative data analysis will be performed using ATLAS.ti V.23.0.6 and StataCorp LLC's Stata statistical software V.16.0, respectively. The study protocol has been reviewed and fully approved by the Faculty of Health Sciences Research Ethics Committee, University of Pretoria (281/2023) and the Ghana Health Service Ethics Review Committee (GHS-ERC013/08/23). This diagnostic trial has also been registered in the Pan African Clinical Trial Registry (PACTR202410837698664). The findings of the study will be presented in relevant peer-reviewed journals, at local and international conferences, and to all stakeholders involved.","Diagnostic microbiology; Epidemiology; Hepatology; INFECTIOUS DISEASES; PUBLIC HEALTH","10.1136/bmjopen-2023-082416"
"Mari Tvaliashvili; Lela Sulaberidze; Catherine Goodman; Kara Hanson; George Gotsadze","Exploring the risks of fragmentation in health care markets - An analysis of inpatient care in Georgia.","Social science & medicine (1982)",2024,"Private providers play an important role in health systems in low-and middle-income countries. In many such contexts, markets are characterized by a high number of relatively small private facilities. The potential risks from highly concentrated healthcare markets are well-researched, and feature in the ""Theories of Harm"" investigated by competition regulators. However, there is limited evidence on markets that exhibit substantial harms as a result of very low concentration. This paper explores the risks associated with such market fragmentation, drawing on the example of Georgia, which has a largely privatized provider network. We used a mixed-method study design to analyze the inpatient market in Georgia. Market structure was described using administrative data on bed capacity and discharge numbers and geo-location data on travel time between facilities. The implications of the market structure were explored through in-depth interviews (n = 35) with policymakers, healthcare managers, and local experts and an anonymous online survey of similar groups (n = 97). Georgia's inpatient sector is characterized by a high number of small hospitals in terms of bed numbers and inpatient volumes, mitigated to a limited degree by the presence of provider networks. Travel time to the 3","","10.1016/j.socscimed.2024.117428"
"Frederic Debellut; Alena Friedrich; Ranju Baral; Clint Pecenka; Emmanuel Mugisha; Kathleen M Neuzil","The cost of typhoid illness in low- and middle-income countries, a scoping review of the literature.","PloS one",2024,"Typhoid fever is responsible for a substantial health burden in low- and middle-income countries (LMICs). New means of prevention became available with the prequalification of typhoid conjugate vaccines (TCV) by the World Health Organization (WHO) in 2018. Policymakers require evidence to inform decisions about TCV. The economic burden related to typhoid fever can be considerable, both for healthcare providers and households, and should be accounted for in the decision-making process. We aimed to understand the breadth of the evidence on the cost of typhoid fever by undertaking a scoping review of the published literature. We searched scientific databases with terms referring to typhoid fever cost of illness to identify published studies for the period January 1st 2000 to May 24th 2024. We also conferred with stakeholders engaged in typhoid research to identify studies pending completion or publication. We identified 13 published studies reporting empirical data for 11 countries, most of them located in Asia. The total cost of a typhoid episode ranged from $23 in India to $884 in Indonesia (current 2022 United States Dollar [USD]). Household expenditures related to typhoid fever were characterized as catastrophic in 9 studies. We identified 5 studies pending completion or publication, which will provide evidence for 9 countries, most of them located in Africa. Alignment in study characteristics and methods would increase the usefulness of the evidence generated and facilitate cross-country and regional comparison. The gap in evidence across regions should be mitigated when studies undertaken in African countries are published. There remains a lack of evidence on the cost to treat typhoid in the context of increasing antimicrobial resistance. Decision-makers should consider the available evidence on the economic burden of typhoid, particularly as risk factors related to antimicrobial resistance and climate change increase typhoid risk. Additional studies should address typhoid illness costs, using standardized methods and accounting for the costs of antimicrobial resistance.","","10.1371/journal.pone.0305692"
"Julia Gabel; Micha Lächele; Katharina Sander; Gesa Gnegel; Nkiru Sunny-Abarikwu; Rita Ezinwanne Ohazulike; Juliet Ngene; Jane Frances Chioke; Christine Häfele-Abah; Lutz Heide","Quality of Essential Medicines from Different Sources in Enugu and Anambra, Nigeria.","The American journal of tropical medicine and hygiene",2024,"This study investigated the quality of 13 essential medicines in the states of Enugu and Anambra, Nigeria. A total of 260 samples were purchased from licensed pharmaceutical manufacturers and wholesalers and from vendors in pharmaceutical markets with unclear licensing status. Samples were analyzed for identity, content, and dissolution according to the United States Pharmacopeia (USP) 42 monographs. Forty-five samples of this study could be examined for authenticity with the Mobile Authentication Service scheme of the Nigerian National Agency for Food and Drug Administration and Control. Out of all samples, 25.4% did not comply with the USP 42 specifications. Strikingly, 21 out of 22 dexamethasone tablet samples (95%) were out of specification (OOS). Nine out of 19 glibenclamide samples (47%) failed dissolution testing, and 7 out of 17 cotrimoxazole samples (41%) failed assay testing. Medicines against noncommunicable diseases showed a slightly higher percentage of OOS samples than anti-infectives (21.2% versus 17.6%). The rates of OOS samples were similar in medicines stated to be produced in Nigeria, India, and China but were very different between individual manufacturers from each of these countries of origin. Therefore, prequalification of products, manufacturers, and suppliers are very important for quality assurance in medicine procurement. Unexpectedly, the total proportions of OOS samples were similar from licensed vendors (25.2%) and from markets (25.5%). Four samples (1.5%), all collected in markets, were clearly falsified and did not contain the declared active pharmaceutical ingredients. The proportion of falsified medicines was found to be lower than frequently reported in the media for Nigeria.","","10.4269/ajtmh.23-0837"
"Sue Ann Costa Clemens; Isabela Gonzalez; Daniele Sereni; Ralf Clemens","Clinical trial capacity building in a pandemic-outcome of a rapid site readiness project in Latin America.","Frontiers in public health",2024,"Latin America (Latam) has a tradition of large-scale vaccine trials. Because of fluctuating demand, many sites have downsized their infrastructure. Therefore, BMGF launched a clinical trial site-readiness initiative early in the coronavirus-2019 (COVID-19) pandemic including Latam countries between August and September 2020. This survey evaluated clinical development performance measures pre/post initiative (September 2022). 20/21 prequalified sites participated in COVID-19 vaccine/drug development trials. 156 clinical trials (140 COVID-19 vaccine/drug trials) were initiated in the 2 years since prequalification, compared to 176 in the 5 years before. 33,428/37,810 participants were included in COVID-19 programs. The number of enrolled subjects/day across sites quadrupled from 15 (1-35) to 63 (5-300). The dropout rate was 6.8%. Study approval timelines were reduced from 60 (12-120) to 35 (5-90) days. Mean qualified staff was increased from 24 (6-80) to 88 (22-180). Clinical trial sites across Latam were successfully prequalified to participate in COVID-19 developments. For the 100 days mission of vaccine availability in a new pandemic sufficient and well-trained clinical trial sites readily available are essential. This is only achievable if sites-especially in low/middle-income countries-are maintained active through a constant flow of vaccine studies.","COVID-19; Latin America; clinical development; clinical trial site; site capacity building initiative; success metrics","10.3389/fpubh.2024.1179268"
"Rebecca E Chandler; Madhava Ram Balakrishnan; Daniel Brasseur; Philip Bryan; Emmanuelle Espie; Katharina Hartmann; Corinne Jouquelet-Royer; James Milligan; Linda Nesbitt; Shanthi Pal; Alexander Precioso; Paulo Takey; Robert T Chen; COVAX Vaccine Safety Working Group","Collaboration within the global vaccine safety surveillance ecosystem during the COVID-19 pandemic: lessons learnt and key recommendations from the COVAX Vaccine Safety Working Group.","BMJ global health",2024,"This analysis describes the successes, challenges and opportunities to improve global vaccine safety surveillance as observed by the Vaccine Safety Working Group from its role as a platform of exchange for stakeholders responsible for monitoring the safety of vaccines distributed through the COVAX mechanism. Three key elements considered to be essential for ongoing and future pandemic preparedness for vaccine developers in their interaction with other members of the vaccine safety ecosystem are (1) the availability of infrastructure and capacity for active vaccine safety surveillance in low-income and middle-income countries (LMICs), including the advancement of concepts of safety surveillance and risk management to vaccine developers and manufacturers from LMICs; (2) more comprehensive mechanisms to ensure timely exchange of vaccine safety data and/or knowledge gaps between public health authorities and vaccine developers and manufacturers; and (3) further implementation of the concept of regulatory reliance in pharmacovigilance. These aims would both conserve valuable resources and allow for more equitable access to vaccine safety information and for benefit/risk decision-making.","COVID-19; Vaccines","10.1136/bmjgh-2023-014544"
"Jackson K Mukonzo; Helen Byomire Ndagije; George Tsey Sabblah; Wangui Mathenge; David A Price; Thaddeus H Grasela","Expanding regulatory science: Regulatory complementarity and reliance.","Clinical and translational science",2024,"Drug regulatory institutions, infrastructures, and systems are becoming increasingly interconnected across national boundaries and increasingly global in outlook. This process is reflected in the broadening and deepening application of the principles and practice of Regulatory Reliance, and parallel initiatives to strengthen the capacities of regulatory institutions in low- and middle-income countries (LMICs). Although these developments are important and constructive, they have tended to be framed in terms of the transfer of systems, knowledge, and skills from relatively ""mature"" regulatory agencies in high-income countries (HICs) to less-well-resourced regulatory agencies in LMICs. This framing recognizes and foregrounds the considerable practical challenges that many LMIC regulatory agencies face, but in doing so, also backgrounds and underestimates the significance of the different contextual insights that LMIC health researchers and regulators can bring to the regulatory deliberations of their HIC counterparts. This position paper argues that the systematic pursuit, identification, and sharing of these different contextual insights-a dimension of regulatory science that we term ""Regulatory Complementarity""-can augment the current practice and goals of Regulatory Reliance, and further invigorate the emerging global regulatory ecosystem.","","10.1111/cts.13683"
"Wenhui Mao; Rianna Cooke; Diana Silimperi; Elina Urli Hodges; Ernesto Ortiz; Krishna Udayakumar","Scaling malaria interventions: bottlenecks to malaria elimination.","BMJ global health",2023,"The slow progress in malaria control efforts and increasing challenges have prompted a need to accelerate the research and development (R&D), launch and scaling of effective interventions for malaria elimination. This research, including desk research and key informant interviews, identified the following challenges along the end-to-end scale-up pathway of malaria interventions. Underinvestment in malaria R&D persists, and developers from low-resource settings are not commonly included in the R&D process. Unpredictable or unclear regulatory and policy pathways have been a hurdle. The private sector has not been fully engaged, which results in a less competitive market with few manufacturers, and consequently, a low supply of products. Persistent challenges also exist in the scaling of malaria interventions, such as the fragmentation of malaria programmes. Further efforts are needed to: (1) Strengthen coordination among stakeholders and especially the private sector to inform decisions and mobilise resources. (2) Increase engagement of national stakeholders, particularly those in low-income and middle-income countries, in planning for and implementing R&D, launching and scaling proven malaria interventions. (3) Use financial incentives and other market-shaping strategies to encourage R&D for innovative malaria products and improve existing interventions. (4) Streamline and improve transparency of WHO's prequalification and guidelines processes to provide timely technical advice and strategies for different settings. (5) Increase effort to integrate malaria services into the broader primary healthcare system. (6) Generate evidence to inform policies on improving access to malaria interventions.","Malaria","10.1136/bmjgh-2023-013378"
"Shuduo Zhou; Xiangning Feng; Yunxuan Hu; Jian Yang; Ying Chen; Jon Bastow; Zhi-Jie Zheng; Ming Xu","Factors associated with the utilization of diagnostic tools among countries with different income levels during the COVID-19 pandemic.","Global health research and policy",2023,"Disparities in the utilization of essential medical products are a key factor contributing to inequality in health outcomes. We aimed to analyze the trends and influencing factors in using Coronavirus disease 2019 (COVID-19) diagnostic tools and disparities in countries with different income levels. We conducted a cross-sectional study using open and publicly available data sources. Data were mainly collected from the Foundation for Innovative New Diagnostics, ""Our World in Data,"" and the Global Burden of Disease databases. Negative binomial regression model and generalized linear mixed model were employed to investigate into five sets of factors associated with the usage of diagnostics: severity of COVID-19, socioeconomic status, health status, medical service capacity, and rigidity of response. Dominance analysis was utilized to compare the relative importance of these factors. The Blinder-Oaxaca decomposition was used to decompose the difference in the usage of diagnostics between countries. The total COVID-19 testing rate ranged from 5.13 to 22,386.63 per 1000 people from March 2020 to October 2022 and the monthly testing rate declined dramatically from January 2022 to October 2022 (52.37/1000 vs 5.91/1000).. The total testing rate was primarily associated with socioeconomic status (37.84%), with every 1 standard deviation (SD) increase in Gross Domestic Product per capita and the proportion of people aged ≥ 70, the total testing rate increased by 88% and 31%. And so is the medical service capacity (33.66%), with every 1 SD increase in health workforce density, the number increased by 38%. The monthly testing rate was primarily associated with socioeconomic status (34.72%) and medical service capacity (28.67%), and the severity of COVID-19 (21.09%). The average difference in the total testing rates between high-income and low-income countries was 2726.59 per 1000 people, and 2493.43 (91.45%) of the differences could be explained through the five sets of factors. Redoubling the efforts, such as local manufacturing, regulatory reliance, and strengthening the community health workforce and laboratory capacity in low- and middle-income countries (LMICs) cannot be more significant for ensuring sustainable and equitable access to diagnostic tools during pandemic.","COVID-19; Diagnostic tools; Disparity; Pandemic; Utilization","10.1186/s41256-023-00330-1"
"Richard Mahoney; Peter J Hotez; Maria Elena Bottazzi","Global regulatory reforms to promote equitable vaccine access in the next pandemic.","PLOS global public health",2023,"There is broad consensus that the global response to the Covid-19 pandemic was inadequate, leading to unacceptable levels of avoidable morbidity and mortality. Three strategic missteps led to the lack of equitable vaccine access: The heavy reliance on commercial vaccine manufacturers in high-income countries (HICs) versus low- and middle-income countries (LMICs); the emergence of vaccine nationalism restricting and delaying the supply of vaccines to LMICs; and an inadequate support or recognition for LMIC national regulatory authorities. To avoid these inequities in a future pandemic, we focus on three successful vaccine development and technology transfer case studies-the Hepatitis B vaccine produced in South Korea in the 1980s; the Meningitis A vaccine for Africa led by Program for Appropriate Technologies in Health (PATH) and the World Health Organization (WHO) in the 2000s; and a recombinant SARS CoV-2 protein-based vaccine technology from the Texas Children's Hospital transferred to India and to Indonesia. In addition to expanding support for academic or non-profit product development partnerships, our analysis finds that an essential step is the strengthening of selected LMIC regulatory systems to become Stringent Regulatory Authorities (SRAs), together with a re-prioritization of the WHO Prequalification (PQ) system to ensure early vaccine availability in LMICs especially during pandemics. Advancing LMIC National Regulatory Authorities (NRAs) to Stringent Regulatory Authorities (SRAs) status will require substantial resources, but the benefits for future pandemic control and for health in LMIC would be immense. We call on the WHO, United Nation (UN) agencies and SRAs, to collaborate and implement a comprehensive roadmap to support LMIC regulators to achieve stringent status by 2030.","","10.1371/journal.pgph.0002482"
"Nevena Miletic; Sarah Adam; Jacqueline Acquah; Zainab Aziz; Angelika Joos; John M Mwangi","What makes joint assessment procedures attractive to the innovative industry: successes, challenges, and proposed improvements.","Frontiers in medicine",2023,"Regulatory harmonization and convergence have been identified as the key driver in promoting efficient evaluation of medicines, reducing workload, and supporting earlier access to medicines on the African continent. There has been great progress to date in enhancing regulatory harmonization and convergence on the African continent via the Regional Economic Communities (RECs) and with the establishment of the Africa Medicines Agency (AMA). In this article, the International Federation of Pharmaceutical Manufacturers and Associations (IFPMA) Africa Regulatory Network (ARN) presents its perspective based on the available literature review and results from a survey conducted with innovative biopharmaceutical companies to gather experiences using regional joint assessment procedures (JAPs) in Africa, such as the East African Community Medicines Regulatory Harmonization (EAC-MRH), the West African Medicines Regulatory Harmonization (WA-MRH), and the Southern African Development Community Medicines Regulatory Harmonization (SADC-MRH) initiative through the ZAZIBONA Collaborative Procedure for Medicines Registration (ZaZiBoNa), and provides best practices in this evolving landscape. The article also assesses other collaborative registration pathways available to facilitating registration of pharmaceutical products in African countries, such as WHO Collaborative Registration Procedures (CRP), Swissmedic's Marketing Authorisation for Global Health Products (MAGHP) and EU Medicines for All (EU-M4ALL). Benefits and challenges of each of the existing pathways are discussed in this article. Main benefits include building more expert capacity and improved collaboration amongst experts, as well as shorter review timelines in some cases. Key challenges include the lack of predictability in the adherence to procedural timelines as defined per guidelines, lengthy timeline to achieve national marketing authorization following joint assessment, the lack of dedicated personnel, administrative issues during the submission process as well as additional country-specific requirements on top of JAP-specific requirements. Our recommendations for improvements include harmonization of requirements across countries and regions and with international standards, appropriate resource allocation for JAP activities to ensure adherence to timelines, use of JAPs throughout the entire product lifecycle and all product categories, adequate use of digital technologies, and improved communication and transparency with applicants. These improvements will allow industry to better plan their filing strategies for the region which will lead to overall improved usability of the JAPs in Africa and enable faster patient access.","African Medicines Agency; African Medicines Regulatory Harmonization; collaboration; joint assessment procedures; regulatory agilities; regulatory convergence; reliance","10.3389/fmed.2023.1207954"
"Wenhui Mao; Armand Zimmerman; Elina Urli Hodges; Ernesto Ortiz; Galen Dods; Andrea Taylor; Krishna Udayakumar","Comparing research and development, launch, and scale up timelines of 18 vaccines: lessons learnt from COVID-19 and implications for other infectious diseases.","BMJ global health",2023,"Over the next decade, millions of deaths could be prevented by increasing access to vaccines in low-income and middle-income countries (LMICs). The COVID-19 pandemic has demonstrated that the research and development (R&D), launch and scale up timelines of vaccines can be drastically shortened. This study compares such timelines for eighteen vaccines and identifies lessons and implications for accelerating the R&D, launch and scale up process for other vaccine candidates. To replicate the rapid R&D process of the COVID-19 vaccines, future vaccine R&D should capitalise on public-private knowledge sharing partnerships to promote technology innovation, establish regional clinical trial centres and data sharing networks to optimise clinical trial efficiency, and create a funding mechanism to support research into novel vaccine platforms that may prove valuable to quickly developing vaccine candidates in future global health emergencies. To accelerate the launch timeline, future efforts to bring safe and efficacious vaccines to market should include LMICs in the decision-making processes of global procurement and delivery alliances to optimise launch in these countries, strengthen the WHO prequalification and Emergency Use Listing programs to ensure LMICs have a robust and transparent regulatory system to rely on, and invest in LMIC regulatory and manufacturing capacity to ensure these countries are vaccine self-sufficient. Lastly, efforts to accelerate scale up of vaccines should include the creation of regional pooled procurement mechanisms between LMICs to increase purchasing power among these countries and an open line of clear communication with the public regarding pertinent vaccine information to combat misinformation and vaccine hesitancy.","COVID-19; Vaccines","10.1136/bmjgh-2023-012855"
"Jian Yang; Xiangning Feng; Shuduo Zhou; Li Zhang; Yunxuan Hu; Ying Chen; Zhenyu Zhang; Ming Xu","Evolving market-shaping strategies to boost access to essential medical products in developing countries with HIV self-testing as a case study.","Global health research and policy",2023,"The COVID-9 pandemic has exacerbated health inequities among countries in the Global South with limited access to essential medical products, leading to a higher infection and mortality rate, especially among vulnerable populations. Despite tremendous progress in global health financing, the estimated annual financing gap in developing countries is projected to reach US$371 billion per year by 2030. Therefore, developing market-shaping strategies is of great importance in ensuring adequate supply, affordable prices, and equitable access to essential medical products in low-and middle-income countries. We propose a strategic and appropriate market-shaping intervention framework for governments, international organizations, and NGOs to maximize access to essential medical products in developing countries. In the health field, we believe that market shaping strategy could be defined as a set of purposeful activities that market forces may intervene with to advance the development, production, supply, and distribution of global goods for health, making essential medical products more affordable, accessible, innovative, sustainable and quality assured. We argue that when designing a market-shaping strategy, policy or decision-makers must take full advantage of the key drivers to keep the market dynamic, interactive, and constantly evolving to meet the unmet medical needs. In addition, different forms of market-shaping interventions are determined by objectives and specific issues to be addressed. More comprehensive market shaping strategies, including the strategic use of market expansion, market disruption, market maintenance, and market contraction alone or together, deserve to be explored and key stakeholders are also expected to join forces to make the intervention more efficient and productive.","Developing countries; Essential medical products; HIV self-testing; Market-shaping","10.1186/s41256-023-00310-5"
"Sarah Y Jenkins; Danielle Resar; Zachary Panos; Alan Staple; Melynda Watkins; David Ripin; Carolyn Amole","Securing accelerated access to long-acting injectable cabotegravir for HIV prevention in low- and middle-income countries.","Journal of the International AIDS Society",2023,"Reductions in HIV acquisition have slowed, and the global community is significantly off track from global goals. Oral pre-exposure prophylaxis (PrEP) alone cannot address the diverse needs of the millions of people at risk of HIV acquisition. Long-acting injectable cabotegravir (CAB-LA) received United States Food and Drug Administration approval for HIV prevention in December 2021. When studied, CAB-LA demonstrated high effectiveness, provides months of protection versus daily use, is preferred by some users and has the potential to achieve commodity cost reduction. These factors position CAB-LA to catalyse transformation in HIV prevention. Significant work must be undertaken to ensure at-scale uptake in low- and middle-income countries. Leveraging decades of product introduction experience, Clinton Health Access Initiative (CHAI) has developed an innovative roadmap to support equitable CAB-LA introduction, comprising tightly executed market-shaping, product development, regulatory, and programmatic and implementation action. Proven models exist (e.g. long-acting reversible contraceptives, paediatric tuberculosis treatment and antiretrovirals (ARVs), such as paediatric dolutegravir and tenofovir disoproxil fumarate, lamivudine, and dolutegravir) for partnership-driven, accelerated, impactful product introduction. Based on learnings from these models and needs in the prevention space, CHAI developed a roadmap to maximize the near-term impact of CAB-LA and accelerate the development of, access to and impact of quality-assured, low-cost generic CAB-LA. This roadmap is intended to inform introduction planning and investment decision-making across a range of stakeholders, including donors, governments, manufacturers and other partners working in the HIV prevention space. Elements include (1) ensuring coordination and alignment across partners, and avoiding redundancy experienced during oral PrEP introduction; (2) preparing national programmes and providing support to maximize impact, including the development of national policies, guidelines and introduction plans; system strengthening; quantification and procurement; and addressing evidence needs, among other areas; (3) supporting community engagement, ensuring that demand generation and delivery approaches are person-centred and community-led; (4) incentivizing generic product development through, for example, milestone-based commercialization incentives and product development cost-sharing; and (5) expediting regulatory reviews. Accelerating access to affordable, generic CAB-LA can transform progress towards HIV epidemic control. This vision of impact at scale in prevention is achievable, if informed by results-backed approaches to introduction.","HIV prevention; LMICs; PrEP; access; cabotegravir; long-acting","10.1002/jia2.26101"
"Gesine Meyer-Rath; Lise Jamieson; Yogan Pillay","What will it take for an injectable ARV to change the face of the HIV epidemic in high-prevalence countries? Considerations regarding drug costs and operations.","Journal of the International AIDS Society",2023,"The proven effectiveness of injectable cabotegravir (CAB-LA) is higher than that of any other HIV prevention intervention ever trialled or implemented, surpassing medical male circumcision, condoms and combination antiretroviral treatment. Based on our own analyses and experience with the South African oral pre-exposure prophylaxis (PrEP) programme, we review the supply and demand side factors that would need to be in place for a successful rollout of CAB-LA, and delineate lessons for the launch of other long-acting and extended delivery (LAED) antiretroviral drugs. On the supply side, CAB-LA will have to be offered at a price that makes the drug affordable and cost-effective to low- and middle-income countries, especially those with high HIV prevalence. An important factor in lowering prices is a guaranteed market volume, which in turn necessitates the involvement of large funders, such as PEPFAR and the Global Fund, and a fairly rapid scale-up of the drug. Such a scale-up would have to involve speedy regulatory approval and WHO pre-qualification, swift integration of CAB-LA into national guidelines and planning for large enough manufacturing capacity, including the enabling of local manufacture. On the demand side, existing demand for HIV prevention products has to be harnessed and additional demand created, which will be aided by designing CAB-LA programmes at the primary healthcare or community level, and involving non-traditional outlets, such as private pharmacies and doctors' practices. CAB-LA could be the game changer for HIV prevention that we have been hoping for, and serve as a useful pilot for other LAEDs. A successful rollout would involve building markets of a guaranteed size; lowering the drug's price to a level possibly below the cost of production, while also lowering the cost of production altogether; harnessing, creating and sustaining demand for the product over the long term, wherever possible, in national programmes rather than single demonstration sites; and establishing and maintaining manufacturing capacity and supply chains. For this, all parties have to work together-including originator and generic manufacturers, donor organizations and other large funders, and the governments of low- and middle-income countries, in particular those with high HIV prevalence.","LAED; PrEP; South Africa; cabotegravir; cost; demand/supply","10.1002/jia2.26106"
"Linda G Mudyiwenyama; Star Khoza; Admire Dube","Situation analysis on the regulation of nanomedicines in Southern Africa.","Frontiers in medicine",2023,"Medical products incorporating nanoparticle drug delivery systems (nanomedicines) are therapeutic or imaging agents, which comprise a delivery system within the nanometer size range (1 - 1000 nm). As medical products, nanomedicines meet definitions of medicines according to various national legislations for regulation of medicines. However, for the regulation of nanomedicines, additional assessments including toxicological issues have to be considered. These complexities require extra regulatory effort. In the resource-limited context of low- and middle-income countries, many National Medicines Regulatory Authorities (NMRAs) lack resources and capacities to effectively assure the quality of medicinal products in their countries. With emerging trends in innovative technologies, including nanotechnology, this burden is worsened. The need to overcome regulatory challenges drove the formation of a work sharing initiative in the Southern African Development Community (SADC), ZaZiBoNA in 2013. Regulatory agencies participating in this initiative cooperate in the assessment of applications for registration of medicines. A cross-sectional exploratory study design with qualitative techniques was used to investigate the status of the regulation of nanomedicines in Southern African countries in particular those participating in the ZaZiBoNA initiative. The study found that in general, NMRAs are aware of the existence of nanomedicines and they apply legislation applicable to other medical products. The NMRAs however neither have specific definition for nanomedicines and technical guidance documents, nor technical committees specific for consideration of nanomedicines. Collaboration with external experts or organisations in the regulation of nanomedicines was also found to be lacking. Capacity building and collaboration in the area of regulation of nanomedicines is strongly encouraged.","African Medicines Agency; ZaZiBoNA; medical products regulation; nanomedicine; regulation of nanomedicines; regulatory workforce capacity building","10.3389/fmed.2023.1098830"
"Neil McAuslane; Magda Bujar; Tariro Sithole; Nancy Ngum; Mercy Owusu-Asante; Stuart Walker","Evaluation of Risk-Based Approaches to the Registration of Medicines: Current Status Among African Regulatory Authorities.","Pharmaceutical medicine",2023,"Despite the worldwide need for increased access to safe and effective medicines, there is a lack of innovative medicines in many low- to middle-income countries. On the African continent, this is partly due to capacity limitations of National Regulatory Authorities (NRAs). One important approach to address this issue is work sharing and regulatory reliance. Therefore, the aim of this study of regulatory authorities on the African continent was to identify which risk-based approaches are being used as well as their foreseen role in the future. The study employed a questionnaire to identify which risk-based models are used for the regulatory approval of medicines and to determine which frameworks are in place to enable a risk-based approach, as well as to provide insight into the future direction for risk-based models. The questionnaire was sent electronically to 26 NRAs in the African Continent. Twenty-one authorities (80%) completed the questionnaire. Work sharing was the most commonly used model, followed closely by unilaterial reliance, information sharing, and collaborative review. These methods were perceived to be an effective and efficient use of resources, enabling faster medicine availability for patients. The unilateral reliance approach by the authorities included abridged (85%), verification (70%) and recognition (50%) models for a range of products. However, challenges included a lack of guidelines to undertake a reliance review together with resource constraints, while access to assessment reports was the most common barrier to using a unilateral reliance model. Many authorities in Africa have adopted a risk-based approach to medicines registration and created work sharing, unilateral reliance pathways and regionalisation models to facilitate the availability of medicines. The authorities believe that in future, assessment routes should move from stand-alone reviews to risk-based models. However, this study indicated that there would be challenges to implement this approach in practice, which would include improving resource capacity and the number of expert reviewers as well as implementing electronic tracking systems.","","10.1007/s40290-023-00472-0"
"Francesco Berlanda Scorza; Laura B Martin; Audino Podda; Rino Rappuoli","A strategic model for developing vaccines against neglected diseases: An example of industry collaboration for sustainable development.","Human vaccines & immunotherapeutics",2022,"Infectious diseases continue to disproportionately affect low- and middle-income countries (LMICs) and children aged <5 y. Developing vaccines against diseases endemic in LMICs relies mainly on strong public-private collaborations, but several challenges remain. We review the operating model of the GSK Vaccines Institute for Global Health (GVGH), which aims to address these challenges. The model involves i) selection of vaccine targets based on priority ranking for impact on global health; ii) development from design to clinical proof-of-concept; iii) transfer to an industrial partner, for further technical/clinical development, licensing, manufacturing, and distribution. Cost and risks associated with pre-clinical and early clinical development are assumed by GVGH, increasing the probability to make the vaccine more affordable in LMICs. A conjugate vaccine against typhoid fever, Vi-CRM","LMICs; Vaccine; global health; infectious diseases; typhoid fever","10.1080/21645515.2022.2136451"
"Nancy Ngum; Jane Mashingia; Margareth Ndomondo-Sigonda; Stuart Walker; Sam Salek","Evaluation of the effectiveness and efficiency of the East African community joint assessment procedure by pharmaceutical companies: Opportunities for improvement.","Frontiers in pharmacology",2022,"","EAC joint assessment procedure EAC-MRH; applicants; common technical documents; effectiveness; efficiency; joint assessment procedure; pharmaceutical companies","10.3389/fphar.2022.1031289"
"Cornelius A Omatola; Ademola O Olaniran","Rotaviruses: From Pathogenesis to Disease Control-A Critical Review.","Viruses",2022,"Since their first recognition in human cases about four decades ago, rotaviruses have remained the leading cause of acute severe dehydrating diarrhea among infants and young children worldwide. The WHO prequalification of oral rotavirus vaccines (ORV) a decade ago and its introduction in many countries have yielded a significant decline in the global burden of the disease, although not without challenges to achieving global effectiveness. Poised by the unending malady of rotavirus diarrhea and the attributable death cases in developing countries, we provide detailed insights into rotavirus biology, exposure pathways, cellular receptors and pathogenesis, host immune response, epidemiology, and vaccination. Additionally, recent developments on the various host, viral and environmental associated factors impacting ORV performance in low-and middle-income countries (LMIC) are reviewed and their significance assessed. In addition, we review the advances in nonvaccine strategies (probiotics, candidate anti-rotaviral drugs, breastfeeding) to disease prevention and management.","diarrhea; epidemiology; pathogenesis; rotavirus; vaccination","10.3390/v14050875"
"Dario Trapani; Giuseppe Curigliano","The global landscape of drug development of trastuzumab biosimilars.","Journal of cancer policy",2022,"Limited access to prevention, screening, timely diagnosis, affordable and effective treatment is the main driver of disparities in cancer care. The high costs represent a common barrier for the affordable access to biological agents. The only biological agent included in the World Health Organization list of essential medicines for the management of breast cancer is trastuzumab, and its biosimilars. We reviewed the pivotal trials for approved trastuzumab biosimilars and searched the proposed biosimilars under investigation in clinical trials, then mapped them against metrics of national epidemiology and health system capacity. Thirteen clinical trials were extracted. Across 40 countries and 825 research facilities, more than three- fourth enrolling centers were located in low- and middle- income countries (n = 633) Correlation analysis suggested that the research and drug development of biosimilars was prioritized in settings where weaker health systems can result in poorer cancer- related outcomes and higher out of pocket expenses (range of r: -0,37; + 0.53; all p-values <0.05). Eleven countries had no biosimilars approved at the time of the analysis: in these countries, the drug development of biosimilars was more represented. The drug development of biosimilars occurs significantly in low- and middle- income countries. Our correlative findings must be interpreted cautiously, to understand if the biosimilar drug development is congruent with the national health priorities of cancer control. Health, societal and economic impacts on populations should be accounted, as relevant metrics for clinical trial implementations. The implementation of cancer research should be developed under the national cancer control priorities, to ensure consistency across the evidence- informed relevant national policies, thus result in a population health impact. Biosimilars drug development can drive tangible population health benefits by accelerating the uptake of more sustainable health interventions and shaping more efficient regulatory environments.","Biosimilars; Breast cancer; Prequalification; SDG; Similar biotherapeutic products; Trastuzumab; UHC","10.1016/j.jcpo.2021.100273"
"Mic McGoldrick; Thierry Gastineau; Diane Wilkinson; Cristiana Campa; Norbert De Clercq; Andrea Mallia-Milanes; Olivier Germay; Jyothsna Krishnan; M Van Ooij; Michael P Thien; Peter J Mlynarczyk; Edward Saltus; Philippe Juvin; Didier Clenet; Ana Basso; Nora Dellepiane; Sonia Pagliusi; Monique Collaço de Moraes Stávale; Venkatraman H Sivaramakrishnan; Samir Desai","How to accelerate the supply of vaccines to all populations worldwide? Part I: Initial industry lessons learned and practical overarching proposals leveraging the COVID-19 situation.","Vaccine",2022,"The COVID-19 pandemic has shown itself to be an unprecedented challenge for vaccines which are widely recognized as the most important tool to exit this pandemic. We have witnessed vaccine scientists, developers, manufacturers, and stakeholders deliver several vaccines in just about a year. This is an unprecedented achievement in an environment that was not ready to manage such a global public health crisis. Indeed, the pandemic has highlighted some hurdles that need to be addressed in the system in order to streamline the regulatory processes and be in a situation where life-saving pharmaceutical solutions such as vaccines can be delivered quickly and equitably to people across the globe. More precisely, trade-offs had to be made between the need for regulatory flexibility in the requirements for manufacturing and controls to enable rapid availability of large volumes of vaccines vs the increased stringency and the lack of harmonization in the regulatory environment for vaccines globally. It is also characterized by a high heterogeneity in terms of review and approval processes, limiting equitable and timely access. We review and highlight the challenges relating to several topics, including process validation, comparability, stability, post-approval-changes, release testing, packaging, genetically modified organisms and variants. We see four areas for accelerating access to vaccines which provide solutions for the regulatory concerns, (1) science- and risk-based approaches, (2) global regulatory harmonization, (3) use of reliance, work-sharing, and recognition processes and (4) digitalization. These solutions are not new and have been previously highlighted. In recent months, we have seen some progress at the health authority level, but still much needs to be done. It is now time to reflect on the first lessons learnt from a devastating pandemic to ultimately ensure quick and wide access to medicines and vaccines for the citizens and patients.","Covid-19; Digital; Harmonization; Regulatory convergence; Reliance; Risk-based; Science-based; Streamline; Vaccine","10.1016/j.vaccine.2021.11.098"
"Margaret Savage; Sarah Albala; Frederic Seghers; Rainer Kattel; Cynthia Liao; Mathilde Chaudron; Novia Afdhila","Applying market shaping approaches to increase access to assistive technology in low- and middle-income countries.","Assistive technology : the official journal of RESNA",2022,"Development outcomes are inextricably linked to the health of the marketplace that delivers products and services to people in low- and middle-income countries (LMIC). Shortcomings in the market for assistive technology (AT) contribute to low access in LMIC. Market shaping is aimed at improving a market's specific outcomes, such as access to high quality, affordable AT, by targeting the root causes of these shortcomings. The paper summarizes the findings of market analyses conducted under the UK aid funded AT2030 programme in support of ATscale and aims to discuss how market shaping can help more people gain access to the AT that they need and what are the best mechanisms to unlock markets and commercial opportunity in LMICs. The paper also explores how market shaping for AT markets could be part of a mission-oriented approach AT policy. A mission-oriented approach can help accelerate progress toward a common objective among stakeholders, at country or global level. While market-shaping activities direct the outcomes of the market toward a specific end goal, such as access to quality, affordable products and services, missions are more comprehensive and include other policy interventions and stakeholder collaborations in order to create a robust and sustainable structure.","assistive technology; low-and middle-income countries; market-shaping; missions","10.1080/10400435.2021.1991050"
"Ganesh Kumar Rai; Tarun Saluja; Shipra Chaudhary; Dipesh Tamrakar; Piush Kanodia; Bishnu Rath Giri; Rajeev Shrestha; Surendra Uranw; Deok Ryun Kim; Jae Seung Yang; Il-Yeon Park; Seung-Eun Kyung; Sridhar Vemula; Jagadeesh Reddy E; Bomi Kim; Birendra Prasad Gupta; Sue Kyoung Jo; Ji Hwa Ryu; Ho Keun Park; Jong Hoon Shin","Safety and immunogenicity of the Vi-DT typhoid conjugate vaccine in healthy volunteers in Nepal: an observer-blind, active-controlled, randomised, non-inferiority, phase 3 trial.","The Lancet. Infectious diseases",2022,"Typhoid fever is an endemic disease in many low-income and middle-income countries. The 2018 WHO position paper recommends that countries should consider typhoid vaccination in high-risk groups and for outbreak control. To address the typhoid vaccine supply and demand gap, a typhoid Vi polysaccharide-diphtheria toxoid (Vi-DT) conjugate vaccine development effort was undertaken to achieve WHO prequalification and contribute to the global supply of typhoid conjugate vaccine. The main aim of this study was to show immune non-inferiority of the Vi-DT vaccine compared with the WHO prequalified Vi polysaccharide-tetanus toxoid (Vi-TT) conjugate vaccine (Typbar TCV; Bharat Biotech India, Hyderabad, India) in participants of various ages from an endemic country. We did an observer-blind, active-controlled, randomised, non-inferiority, phase 3 trial at four hospitals in Kathmandu, Dhulikhel, Dharan, and Nepalgunj in Nepal. Eligible participants were healthy individuals aged 6 months to 45 years for whom informed consent was obtained, were willing to follow the study procedures and were available for the duration of the study. Patients with an acute or chronic illness that could interfere with interpretation of the study endpoints, or who were involved in any other clinical trial were excluded. Participants were randomly assigned (1:1:1:1) by block randomisation (block size of four and eight), stratified by age (6 months to <2 years, 2 years to <18 years, and 18 years to 45 years), into one of four groups (A-D). Participants in groups A-C received a single dose (25 μg; 0·5 mL) of Vi-DT test vaccine via intramuscular injection from one of three good manufacturing practice lots (group A received lot 1, group B received lot 2, and group C received lot 3), and those in group D received a single dose (25 μg; 0·5 mL) of the Vi-TT vaccine via intramuscular injection. All participants, site staff (except for those who administered the study vaccines), and those assessing the outcomes were masked to group assignment. The co-primary endpoints were: (1) non-inferiority of immunogenicity of the Vi-DT vaccine (pooled groups A-C) versus the Vi-TT vaccine (group D), measured by the anti-Vi IgG seroconversion rate at 4 weeks after vaccination; and (2) the lot-to-lot consistency of the Vi-DT vaccine, measured by immune equivalence of the anti-Vi IgG geometric mean titre (GMT) at 4 weeks after receipt of the three Vi-DT vaccine lots (lot 1 vs lot 2, lot 1 vs lot 3, and lot 2 vs lot 3). Non-inferiority of the Vi-DT vaccine compared with the Vi-TT vaccine was shown if the lower limit of the 97·5% CI for the difference between the seroconversion rates in Vi-DT vaccine groups A-C combined versus Vi-TT vaccine group D was above the predefined non-inferiority margin of -10%. Lot-to-lot immune equivalence was shown if the upper and lower bounds of the two-sided 99·17% CI around the GMT ratio for each pairwise lot-to-lot comparison was between 0·67 and 1·50, which is the predefined equivalence margin recommended by WHO. The co-primary immunogenicity endpoints were assessed in all randomised participants who had received their assigned vaccine and had completed at least one post-baseline immunogenicity assessment. Safety was descriptively summarised by group and age strata, and was assessed in all participants who had received one dose of the investigational vaccine. The trial is registered with ClinicalTrials.gov, NCT03933098. Between Nov 20, 2019, and March 10, 2020, 1854 individuals were screened, of whom 1800 were enrolled and randomly assigned to groups A-D (450 participants in each group). 1786 (99·2%; 443 in group A, 450 in group B, 447 in group C, and 446 in group D) were included in the immunogenicity assessments at 4 weeks post vaccination, and all 1800 participants were included in the safety analysis. In the immunogenicity analysis, the anti-Vi-IgG seroconversion rate in all age strata was 99·33% (97·5% CI 98·61 to 99·68; 1331 of 1340 participants) in Vi-DT vaccine groups A-C and 98·88% (97·10 to 99·57; 441 of 446) in Vi-TT vaccine group D. The difference in seroconversion rates between Vi-DT vaccine groups A-C combined versus Vi-TT group D was 0·47% (97·5% CI -0·68 to 1·61), indicating non-inferiority of the Vi-DT vaccine. Anti-Vi-IgG GMT ratios at 4 weeks post-vaccination were 1·02 (99·17% CI 0·85 to 1·22) for lot 1 versus lot 2, 1·02 (0·85 to 1·23) for lot 1 versus lot 3, and 1·01 (0·84 to 1·21) for lot 2 versus lot 3, indicating lot-to-lot equivalence according to the predefined, WHO-recommended equivalence margin. The proportion of participants reporting adverse events was similar between Vi-DT vaccine groups A-C and Vi-TT vaccine group D; 260 (19·3%) of 1350 participants in Vi-DT vaccine groups A-C and 115 (25·6%) of 450 in Vi-TT vaccine group D reported solicited adverse events within 7 days after vaccination, and 208 (15·4%) in Vi-DT vaccine groups A-C and 76 (16·9%) in Vi-TT vaccine group D reported unsolicited adverse events within 4 weeks after vaccination. Seven serious adverse events (four [0·3%] participants in Vi-DT vaccine groups A-C and three [0·7%] in Vi-TT vaccine group D), including one death in the Vi-TT vaccine group, were reported during the 24-week follow-up period, none of which were considered related to the investigational product. When administered as a single dose, the Vi-DT test vaccine was safe, immunogenic, and non-inferior to the Vi-TT vaccine at 4 weeks post vaccination. Equivalent immunogenicity of the three lots of Vi-DT vaccine was also shown, supporting the manufacturing process of this vaccine. Once prequalified by WHO, this vaccine could be an option for purchase by UN agencies. The Bill & Melinda Gates Foundation. For the Nepali translation of the abstract see Supplementary Materials section.","","10.1016/S1473-3099(21)00455-2"
"Daniel Berman; Sujith J Chandy; Oliver Cansdell; Krishnee Moodley; Balaji Veeraraghavan; Sabiha Y Essack","Global access to existing and future antimicrobials and diagnostics: antimicrobial subscription and pooled procurement.","The Lancet. Global health",2022,"The COVID-19 pandemic has underlined the importance of an efficient and equitable supply of and access to essential health products. These factors are equally pertinent to the antimicrobial resistance pandemic, in which access to a portfolio of existing and pipeline antimicrobials plus complementary diagnostics is crucial. This Viewpoint focuses on market shaping in low-income and middle-income countries (LMICs), where the need for effective antimicrobials and complementary diagnostics is most acute. We propose the creation of a subscription and pooled procurement model that consolidates the growing demand for a portfolio of antimicrobials and diagnostics in LMICs. Anchored by regional market leaders, these pooling mechanisms would guarantee consistent private-sector and public-sector access in participating countries, while creating conditions for long-term best practice in stewardship. Supported by data from South Africa and India, this proposal sets out an innovative approach to tackle the antimicrobial resistance crisis in LMICs.","","10.1016/S2214-109X(21)00463-0"
"Jill Durocher; Catherine Kilfedder; Laura J Frye; Beverly Winikoff; Karthik Srinivasan","A descriptive analysis of medical abortion commodity availability and pricing at retail outlets in 44 countries across four regions globally.","Sexual and reproductive health matters",2021,"Pharmacies in low- and middle-income countries play an important role in increasing the availability of medical abortion to individuals for self-use. We aimed to document the costs to users of medical abortion products at outlets across geographies and understand the diversity of available products, primarily in low- and middle-income countries or in places where access to abortion is restricted. A descriptive analysis of price data was completed for identified medical abortion products at retail outlets visited in 44 countries from November 2017 to February 2018. Median prices and ranges are reported in $US for mifepristone 200 mg tablets, misoprostol 200 mcg tablets, and combipacks. Misoprostol, mifepristone, and combipacks were found in 44, 19, and 16 countries, respectively. Nearly two-thirds of products (321/508) required a prescription. The median price of misoprostol was $0.63 per tablet (range $0.09-$27.63) based on 304 price points. Mifepristone and combipacks had fewer price points available ( Dans les pays à revenu faible et intermédiaire, les pharmacies jouent un rôle important pour élargir la disponibilité de l’avortement médicamenteux pour les individus en auto-administration. Nous souhaitions documenter les coûts pour les utilisateurs de produits d’avortement médicamenteux dans des points de vente dans différents lieux et comprendre la diversité des produits disponibles, principalement dans les pays à revenu faible ou intermédiaire ou là où l’accès à l’avortement est restreint. Une analyse descriptive des données sur les prix a été complétée pour des produits identifiés de l’avortement médicamenteux dans des points de vente au détail visités dans 44 pays de novembre 2017 à février 2018. Les prix médians et les fourchettes sont exprimés en dollars US pour les comprimés de 200 milligrammes de mifépristone, les comprimés de 200 microgrammes de misoprostol et les combipacks des deux produits. Le misoprostol, la mifépristone et les combipacks étaient disponibles dans 44, 19 et 16 pays, respectivement. Près des deux tiers des produits (321/508) exigeaient une ordonnance. Le prix médian du misoprostol était de $0,63 par comprimé (fourchette $0,09-$27,63) sur la base de 304 prix référencés. La mifépristone et les combipacks avaient moins de prix référencés disponibles (n = 59 et n = 44, respectivement). Les prix médians étaient de $11,78 par comprimé de mifépristone (fourchette $1,77-$37,83) et $11,18 par combipack (fourchette $3,50-$35,86). Dans l’ensemble, les prix étaient les plus élevés en Amérique latine et les moins chers en Asie du Sud/du Sud-Est. À peine 11,5% (7/61) des marques de misoprostol seul bénéficiaient d’une assurance qualité (c’est-à-dire qu’elles étaient approuvées par une autorité régulatrice rigoureuse ou présélectionnées par l’Organisation mondiale de la santé), contre 25,0% (4/16) des combipacks. On a observé de larges variations dans le prix des produits et leur disponibilité selon les endroits. La faible disponibilité de la mifépristone et des combipacks, en plus de la rareté des médicaments à qualité garantie et du coût élevé des médicaments pour l’avortement, sont des facteurs importants qui contrarient l’accès à des soins de qualité en cas d’avortement. Las farmacias en los países de bajos y medianos ingresos desempeñan un papel importante en aumentar la disponibilidad de pastillas de aborto con medicamentos para que las personas puedan autogestionar su aborto. Procuramos documentar los gastos de las usuarias en productos de aborto con medicamentos en puntos de venta en todas las regiones geográficas y entender la diversidad de los productos disponibles, principalmente en países de bajos y medianos ingresos o en lugares con acceso restringido a los servicios de aborto. Se realizó un análisis descriptivo de los datos de precios de los productos de aborto con medicamentos identificados en establecimientos minoristas visitados en 44 países entre noviembre de 2017 y febrero de 2018. La mediana de precios y gama de precios son reportadas en $US para tabletas de 200 mg de mifepristona, tabletas de 200 mcg de misoprostol y paquetes combinados. Misoprostol, mifepristona y paquetes combinados fueron encontrados en 44, 19 y 16 países, respectivamente. Para casi dos terceras partes de los productos (321/508) se necesitaba una receta médica. La mediana de precios de misoprostol fue de $0.63 por cada tableta (gama de $0.09 a $27.63) basada en 304 precios. Había menos precios disponibles para la mifepristona y los paquetes combinados (n = 59 y n = 44, respectivamente). La mediana de precios fue de $11.78 por cada tableta de mifepristona (gama de $1.77 a $37.83) y $11.18 por cada paquete combinado (gama de $3.50 a $35.86). En general, los precios más altos se encontraron en Latinoamérica y los más bajos en el sur y sudeste de Asia. Solo el 11.5% (7/61) del total de marcas únicas de misoprostol tenían calidad garantizada (es decir, estaban aprobadas por una autoridad normativa estricta o precalificadas por la Organización Mundial de la Salud), comparadas con el 25.0% (4/16) de los productos únicos de paquetes combinados. Hubo gran variación en los precios y en la disponibilidad de los productos en los diferentes entornos. La disponibilidad poco frecuente de mifepristona y paquetes combinados, así como la disponibilidad limitada de medicamentos de calidad garantizada y el alto costo de los medicamentos para inducir el aborto, son factores importantes que afectan el acceso a los servicios de aborto de alta calidad.","combipacks; medical abortion; mifepristone; misoprostol; pharmacy access; price","10.1080/26410397.2021.1982460"
"Amanda Rowlands; Asma Deeb; Asmahane Ladjouze; Rasha T Hamza; Salwa A Musa; Jamal Raza; Farida Jennane; Abdulsalam Abu-Libdeh; Jean-Pierre Chanoine; GPED CAH Working Group","Access to fludrocortisone and to hydrocortisone in children with congenital adrenal hyperplasia in the WHO Eastern Mediterranean Region: it takes a village….","BMJ global health",2021,"Congenital adrenal hyperplasia (CAH), if untreated, carries high morbidity and mortality. A higher incidence of CAH is expected in countries where consanguinity is common, such as in the countries of the WHO Eastern Mediterranean Region (EMRO). CAH is managed through lifelong treatment with fludrocortisone and hydrocortisone. In this analysis, performed in the 22 EMRO countries and territories plus Algeria, we review which countries offer a neonatal screening programme for CAH and describe the barriers and opportunities to access oral fludrocortisone and oral and injectable hydrocortisone. Neonatal CAH screening was only available nationally in Qatar, Kuwait and partially in Lebanon and Saudi Arabia. We reviewed the national lists of essential medicines (NEMLs) and found that 13/23 (57%) countries included fludrocortisone and 18/23 (78%) included oral hydrocortisone. Fludrocortisone was not included by any of the low-income countries and oral hydrocortisone was only included by one low-income country. We then contacted paediatric endocrinologists in each country to assess perceived availability of these medicines. Overall, there was a relatively good consistency between inclusion of fludrocortisone and hydrocortisone in the NEML and their actual availability in a country. We propose several mechanisms to improve access, including prequalification by the WHO, a common registration process for groups of countries, pooled procurement, working with local pharmaceutical companies, special access status for medicines not yet registered in a country and compounding. We suggest that access to medicines requires a collaboration between health professionals, families of patients, health authorities, pharmaceutical companies and the WHO.","child health; treatment","10.1136/bmjgh-2021-007195"
"Peter J Hotez; Carolina Batista; Yanis Ben Amor; Onder Ergonul; J Peter Figueroa; Sarah Gilbert; Mayda Gursel; Mazen Hassanain; Gagandeep Kang; David C Kaslow; Jerome H Kim; Bhavna Lall; Heidi Larson; Denise Naniche; Timothy Sheahan; Shmuel Shoham; Annelies Wilder-Smith; Samba O Sow; Nathalie Strub-Wourgaft; Prashant Yadav","Global public health security and justice for vaccines and therapeutics in the COVID-19 pandemic.","EClinicalMedicine",2023,"A Lancet Commission for COVID-19 task force is shaping recommendations to achieve vaccine and therapeutics access, justice, and equity. This includes ensuring","COVID-19; Health equity; Vaccine distribution; global governance; public health justice; public health security; therapeutics; vaccine access; vaccine development; vaccine technologies","10.1016/j.eclinm.2021.101053"
"Stéphane Chevaliez; Françoise Roudot-Thoraval; Christophe Hézode; Jean-Michel Pawlotsky; Richard Njouom","Performance of rapid diagnostic tests for HCV infection in serum or plasma.","Future microbiology",2022,"Lay abstract Diagnosis of hepatitis C infection is crucial in order to envisage elimination of hepatitis C virus (HCV). Diagnosis is usually based on the detection of antibodies in blood after phlebotomy in a centralized laboratory approach. New simpler testing strategies are urgently needed. We assessed the performance of several rapid tests for the detection of HCV antibodies. Rapid tests offer many advantages over classical tests because they are simple, easy-to-use, rapid and can perform close to the site of patient care. Most of the rapid tests included in our study showed satisfactory performance. They can confidently use to detect hepatitis C antibodies in clinical practice.","HCV antibodies; hepatitis C; low- and middle-income countries; rapid diagnostic test; screening","10.2217/fmb-2020-0295"
"Godfrey Osinde; Nixon Niyonzima; Vivienne Mulema; Deo Kyambadde; Yusuf Mulumba; Siraj Obayo; Ezra Anecho; Susan Watera; Mughuma Constance; Sylivestor Kadhumbula; Jackson Orem","Increasing access to quality anticancer medicines in low- and middle-income countries: the experience of Uganda.","Future oncology (London, England)",2021,"Cancer is one of the leading causes of death with 9.6 million deaths registered in 2018, of which 70% occur in Africa, Asia and Central and South America, the low-and middle-income countries (LMICs). The global annual expenditure on anticancer medicines increased from $96 billion in 2013 to $133 billion in 2017. This growth rate is several folds that of newly diagnosed cancer cases and therefore estimated to reach up to $200 billion by 2022. The Uganda Cancer Institute, Uganda's national referral cancer center, has increased access to cancer medicines through an efficient and cost-saving procurement system. The system has achieved cost savings of more than USD 2,000,000 on a total of 37 of 42 essential cancer medicines. This has resulted in 85.8% availability superseding the WHO's 80% target. All selected products were procured from manufacturers with stringent regulatory authority approval or a proven track record of quality products.","access initiatives; access to medicines; cancer; highly specialized drugs; low- and middle-income countries; minimum order quantity","10.2217/fon-2021-0117"
"Mohammed Majam; Alex Fischer; Elena Ivanova Reipold; Naleni Rhagnath; Vanessa Msolomba; Samanta T Lalla-Edward","A Lay-User Assessment of Hepatitis C Virus Self-Testing Device Usability and Interpretation in Johannesburg, South Africa.","Diagnostics (Basel, Switzerland)",2021,"Only 20% of people with hepatitis C virus (HCV) know their status. In low-income countries diagnosis is under 10%. Self-testing for HCV antibodies (HCVST) could expand the coverage of HCV testing services. Currently, there are no stringent regulatory authority (SRA) approved HCVSTs, therefore lay-user usability of three prototype kits was assessed. This was a cross-sectional observational study conducted with 171 (CareStart n = 60, Bioline n = 52, First Response n = 59) participants. Participants were given one of the three HCVST kits with only instructions for use (IFU) and asked to perform the test in front of a professional trained in rapid diagnostic tests (RDT). Usability indices were calculated based on the correctness of performing each step of the product-specific process followed by contrived results interpretation and a post-test interview. The usability index was 93.9% for CareStart, 90.7% for Bioline and 94.9% for First Response. Most errors were on incorrect handwashing, sample collection and transfer to the test device. An average of 93.1% of contrived results were correctly interpreted, with most errors related to interpreting invalid results. Most participants (n = 167) stated they would visit a clinic after a positive result. With negative results, nearly half (28/60 (46.7%)) stated they should condomize, while just over two-thirds of participants that used Bioline (35/52 (67.3%)) and First Response (38/59 (64.4%)) said they should re-test. Most participants (n = 162) found the devices easy to use. Participants liked that self-testing was fast, private and convenient, however there were some confusion with IFU steps and pictures, finger-pricking with the lancet, collecting blood after the finger-prick, and transferring the sample/buffer. Prototype HCVST kits exhibit high usability and result interpretation by lay-users, and should be considered for SRA approval.","HCV; rapid diagnostic test; viral hepatitis","10.3390/diagnostics11030463"
"Mark R Alderson; Vistasp Sethna; Lauren C Newhouse; Steve Lamola; Rajeev Dhere","Development strategy and lessons learned for a 10-valent pneumococcal conjugate vaccine (","Human vaccines & immunotherapeutics",2021,"Pneumococcal conjugate vaccines (PCVs) have proven to be the best way to prevent severe childhood pneumococcal disease but until recently have been difficult for many countries to afford sustainably. In 2008, the Serum Institute of India, Pvt. Ltd. and PATH entered into a collaboration, funded in part by the Bill & Melinda Gates Foundation, to respond to this problem by developing a PCV designed to be affordable, accessible, and protective against the pneumococcal serotypes causing the most morbidity and mortality in low- and middle-income countries. The resulting 10-valent PCV (","PATH; Pneumococcus; SIIPL; collaboration; low- and middle-income countries; pneumococcal conjugate vaccine; vaccine development","10.1080/21645515.2021.1874219"
"Anurag S Rathore; Ankita Bhargava","Regulatory considerations in biosimilars: Latin America region.","Preparative biochemistry & biotechnology",2021,"Development of biotherapeutic products has experienced steady growth over the past three decades. Expiration of patents on many biotherapeutics such as insulin, human growth hormone, and erythropoietin has opened the door for the development of biosimilars. The high cost of biotherapeutics has limited their accessibility, particularly in developing countries. Biosimilars offer the much- needed affordability and hence improved accessibility. Global agencies such as the World Health Organization are engaged in developing a prequalification program in order to help countries that do not have strong regulatory systems. This article summarizes the prospects of biosimilars in the Latin American market. Legal framework in various countries is also discussed.","regulatory framework; Human therapeutics; Latin America-Biosimilars","10.1080/10826068.2021.1876729"
"Ed Clarke; Adedapo Bashorun; Ikechukwu Adigweme; Mariama Badjie Hydara; Ama Umesi; Ahmed Futa; Magnus Ochoge; Dolapo Obayemi; Bassey Edem; Ebrima Saidy-Jah; Chukwuemeka Onwuchekwa; Rajeev Dhere; Vistasp Sethna; Beate Kampmann; David Goldblatt; Douglas Taylor; Indah Andi-Lolo; Nancy Hosken; Kalpana Antony; Bruce L Innis","Immunogenicity and safety of a novel ten-valent pneumococcal conjugate vaccine in healthy infants in The Gambia: a phase 3, randomised, double-blind, non-inferiority trial.","The Lancet. Infectious diseases",2021,"An affordable pneumococcal conjugate vaccine (PCV) is needed to ensure sustainable access in low-income and middle-income countries. This trial examined the immunogenicity and safety of a novel ten-valent PCV (SIIPL-PCV) containing serotypes 1, 5, 6A, 6B, 7F, 9V, 14, 19A, 19F, and 23F compared with the pneumococcal polysaccharide protein D-conjugate vaccine (PHiD-CV; Synflorix; GlaxoSmithKline; Brentford, UK). In this single-centre, randomised, double-blind, phase 3, non-inferiority trial in The Gambia, healthy, PCV-naive infants aged 6-8 weeks were enrolled and assigned using permuted block randomisation to receive one of three lots of SIIPL-PCV or to PHiD-CV in a ratio of 2:2:2:3. Parents and all staff assessing study outcomes were masked to group assignment. Vaccines (0·5 mL SIIPL-PCV or 0·5 mL PHiD-CV) were administered at ages 6, 10, and 14 weeks by intramuscular injection. Primary immunogenicity outcomes, measured at age 18 weeks, were serotype-specific IgG geometric mean concentrations (GMCs) and seroresponse rates (IgG ≥ 0·35 μg/mL). Lot-to-lot equivalence (objective 1) was shown if the upper and lower bounds of the two-sided 95% CI around the GMC ratio for each pairwise lot-to-lot comparison was between the 0·5 and 2·0 equivalence margins for all ten serotypes. The immunogenicity of SIIPL-PCV was defined as being non-inferior to that of PHiD-CV (objective 2) if, for at least seven of the ten serotypes in SIIPL-PCV, the lower bound of the 97·5% CI for the GMC ratio was greater than 0·5, or the lower bound of the 97·5% CI for differences in seroresponse rate was greater than -10%. The GMC and seroresponse rates to serotypes 6A and 19A, which are not in PHiD-CV, were compared with those of the serotype in PHiD-CV that had the lowest seroresponse rate. Non-inferiority of the immune responses to antigens in the co-administered Expanded Programme on Immunization (EPI) vaccines (objective 3) was declared if the lower bound of the 95% CI for the difference between SIIPL-PCV and PHiD-CV in seroresponse rates, or GMC ratios for pertussis antigens, was greater than -10% (or 0·5 for pertussis antigens) for all vaccine antigens. Safety data were assessed according to treatment received at the first visit in infants who received at least one dose of study vaccine and for whom at least some post-vaccination safety data were available. The primary immunogenicity analysis was in the per-protocol immunogenicity population, which included infants who received all study vaccines and had immunogenicity measurements after vaccination and no major protocol deviations. This trial is registered at ClinicalTrials.gov (NCT03197376). Between June 21, 2017, and Jan 29, 2018, 2250 infants were enrolled and randomly assigned to receive SIIPL-PCV (n=1503; 502 to lot 1, 501 to lot 2, and 500 to lot 3) or PHiD-CV (n=747). 1458 (97·0%) infants assigned to SIIPL-PCV and 724 (96·9%) assigned to PHiD-CV were included in the per-protocol primary immunogenicity analysis. Lot-to-lot equivalence was shown, with the lowest lower bound of the 95% CI for the GMC ratio being 0·52 (for serotype 6B in lot 2 vs lot 3) and the highest upper bound being 1·69 (for serotype 6B in lot 1 vs lot 2). SIIPL-PCV was non-inferior to PHiD-CV in terms of immunogenicity: the lower bound of the 97·5% CI for the GMC ratio was greater than 0·5 (the lowest being 0·67 for serotype 19F) and the lower bound of the 97·5% CI for the difference in seroresponse rate was greater than -10% (the lowest being -2·2% for serotype 6B) for all ten serotypes in SIIPL-PCV. The lowest seroresponse rate after PHiD-CV was to serotype 6B (76·7% [95% CI 73·4-79·7]). This serotype was therefore used for the comparisons with serotype 6A and 19A in SIIPL-PCV. Non-inferiority of immune responses to the EPI vaccines after co-administration with SIIPL-PCV compared with after co-administration with PHiD-CV was shown for all vaccine antigens included in the primary series. The lowest lower bound of the 95% CI for the difference in seroresponse rates was -7·1% for rotavirus antibody and for the GMC ratio for pertussis antigens was 0·62 for anti-pertussis toxoid. 1131 (75·2%) of 1503 infants in the SIIPL-PCV group and 572 (76·6%) of 747 in the PHiD-CV group had at least one unsolicited adverse event. 36 (2·4%) participants in the SIIPL-PCV group and 18 (2·4%) in the PHiD-CV group had a serious adverse event; none were considered related to vaccination. In infants who were selected to have solicited adverse events recorded, injection-site induration after primary vaccinations occurred in 27 (4·9%) of 751 infants who received SIIPL-PCV versus 34 (9·4%) of 364 who received PHiD-CV (p=0·0032). There were no other notable differences in the safety profiles of the two vaccines. One infant in the SIIPL-PCV group and two in the PHiD-CV group died during the study. The deaths were not considered to be related to study vaccination or study participation. The immunogenicity of SIIPL-PCV was non-inferior to that of PHiD-CV, for which efficacy and effectiveness data against pneumococcal disease are available. The vaccine is safe and can be co-administered with routine EPI vaccines. The data generated in this trial have supported the licensure and pre-qualification of SIIPL-PCV, making the vaccine available for introduction into national immunisation programmes. Generating post-implementation data confirming vaccine impact remains important. Bill & Melinda Gates Foundation.","","10.1016/S1473-3099(20)30735-0"
"David Beran; Maria Lazo-Porras; Camille M Mba; Jean Claude Mbanya","A global perspective on the issue of access to insulin.","Diabetologia",2022,"The discovery of insulin in 1921 changed the prognosis for people with type 1 diabetes. A century later, availability and affordability of insulin remain a challenge in many parts of the globe. Using the WHO's framework on understanding the life cycle of medicines, this review details the global and national challenges that affect patients' abilities to access and afford insulin. Current research and development in diabetes has seen some innovations, but none of these have truly been game-changing. Currently, three multinational companies control over 95% of global insulin supply. The inclusion of insulin on the WHO's Prequalification Programme is an opportunity to facilitate entry of new companies into the market. Many governments lack policies on the selection, procurement, supply, pricing and reimbursement of insulin. Moreover, mark-ups in the supply chain also affect the final price to the consumer. Whilst expenses related to diabetes are mostly covered by insurance in high-income countries, many patients from low- and middle-income countries have to pay out of their own pockets. The organisation of diabetes management within the healthcare system also affects patient access to insulin. The challenges affecting access to insulin are complex and require a wide range of solutions. Given that 2021 marks the centenary of the discovery of insulin, there is need for global advocacy to ensure that the benefits of insulin and innovations in diabetes care reach all individuals living with diabetes.","Developing countries; Diabetes mellitus; Health services accessibility; Insulin; Review","10.1007/s00125-020-05375-2"
"Caroline E Boeke; Clement Adesigbin; Chukwuemeka Agwuocha; Atiek Anartati; Hlaing Thazin Aung; Khin Sanda Aung; Gagandeep Singh Grover; Dang Ngo; Emi Okamoto; Alida Ngwije; Sabin Nsanzimana; Siddharth Sindhwani; Grace Singh; Ly Penh Sun; Nguyen Van Kinh; Wiendra Waworuntu; Craig McClure","Initial success from a public health approach to hepatitis C testing, treatment and cure in seven countries: the road to elimination.","BMJ global health",2021,"With political will, modest financial investment and effective technical assistance, public sector hepatitis C virus (HCV) programmes can be established in low- and middle-income countries as a first step towards elimination. Seven countries, with support from the Clinton Health Access Initiative (CHAI) and partners, have expanded access to HCV treatment by combining programme simplification with market shaping to reduce commodity prices. CHAI has supported a multipronged approach to HCV programme launch in Cambodia, India, Indonesia, Myanmar, Nigeria, Rwanda and Vietnam including pricing negotiations with suppliers, policy development, fast-track registrations of quality-assured generics, financing advocacy and strengthened service delivery. Governments are leading programme implementation, leveraging HIV programme infrastructure/financing and focusing on higher-HCV prevalence populations like people living with HIV, people who inject drugs and prisoners. This manuscript aims to describe programme structure and strategies, highlight current commodity costs and outline testing and treatment volumes across these countries. Across countries, commodity costs have fallen from >US$100 per diagnostic test and US$750-US$900 per 12-week pan-genotypic direct-acting antiviral regimen to as low as US$80 per-cure commodity package, including WHO-prequalified generic drugs (sofosbuvir + daclatasvir). As of December 2019, 5900+ healthcare workers were trained, 2 209 209 patients were screened, and 120 522 patients initiated treatment. The cure (SVR12) rate was >90%, including at lower-tier facilities. Programmes are successfully implementing simplified, decentralised public health approaches. Combined with political will and affordable pricing, these efforts can translate into commitments to achieve global targets. However, to achieve elimination, additional investment in scale-up is required.","diagnostics and tools; public health; treatment; viral hepatitis","10.1136/bmjgh-2020-003767"
"Nhomsai Hagen; Thomas Bizimana; P Claver Kayumba; Felix Khuluza; Lutz Heide","Stability of misoprostol tablets collected in Malawi and Rwanda: Importance of intact primary packaging.","PloS one",2020,"Misoprostol is listed in the WHO essential medicines list and can be used for induction of labour, for prevention and treatment of post-partum haemorrhage, and for abortions. The compound is unstable, and substandard misoprostol preparations have been detected in low- and middle-income countries. We now investigated the stability of misoprostol tablets according to the international guidelines for stability testing of pharmaceutical products. Three brands (four batches) of misoprostol tablets were collected in Malawi and Rwanda: the originator product, a WHO-prequalified product, and a generic product without WHO prequalification. A further batch of the originator product was collected in Germany. To investigate the effect of damage to the primary packaging, additional blister strips of one sample were intentionally damaged with a needle and investigated in parallel. Samples were placed in stability chambers for six months at 40°C/75% relative humidity (RH) and at 25°C/60% RH. After 0, 1, 2, 3 and 6 months, misoprostol content was determined according to the International Pharmacopeia. At 40°C/75% RH, all samples showed a decline of misoprostol content, but four of the batches still remained within the pharmacopeial specifications, while one of the two batches of the generic product without WHO-prequalification showed a final content of 86.2% which is out of specifications. Damage to the primary packaging greatly decreased stability, resulting in a final content of only 48.2% of the declared misoprostol amount. At 25°C/60% RH all samples remained in specifications for six months, even the sample with the damaged blister. Dissolution of misoprostol remained in specifications of the pharmacopoeia for six months for all batches, except for the sample with damaged blisters stored at 40°C/75% RH. This study confirms that the stability of misoprostol tablets must be ensured by intact, good-quality primary packaging. Careful supplier qualification is required in the procurement process.","","10.1371/journal.pone.0238628"
"Javier Guzman; Erin O'Connell; Kate Kikule; Tamara Hafner","The WHO Global Benchmarking Tool: a game changer for strengthening national regulatory capacity.","BMJ global health",2021,"Many low-income and middle-income countries lack the capacity to effectively and efficiently regulate medical products in their countries. To support countries in strengthening their capacity, WHO has developed the Global Benchmarking Tool (GBT) as the global standard for objectively assessing regulatory capacity for medicines and vaccines. The GBT is a game changer because it is the first globally accepted tool for assessing and strengthening national regulatory authorities. The inclusion of an institutional development plan in the GBT methodology provides context-specific actionable steps countries can take to advance their system's functionality and maturity. The GBT facilitates coordination and improves the effectiveness of regulatory strengthening efforts. The tool also facilitates regulatory reliance and harmonisation, which helps to improve timely access to quality-assured medicines, and creates incentives for trade, particularly in countries and regions with a strong pharmaceutical manufacturing base. The GBT is a necessary tool for creating strong and effective regulatory systems, which are critical for ensuring the efficacy, safety and quality assurance of medicines and populations' timely access to these medicines. In outlining the benefits of the GBT, this paper also offers some specific ideas for strengthening the GBT framework and process.","health policy; health systems; health systems evaluation; public health; vaccines","10.1136/bmjgh-2020-003181"
"Nhomsai Hagen; Thomas Bizimana; Pierre Claver Kayumba; Felix Khuluza; Lutz Heide","Stability of Oxytocin Preparations in Malawi and Rwanda: Stabilizing Effect of Chlorobutanol.","The American journal of tropical medicine and hygiene",2020,"Oxytocin is used for the prevention and treatment of postpartum hemorrhage, the leading cause of maternal mortality in low- and middle-income countries. Because of the high instability of oxytocin, most products are labeled for storage at 2-8°C. Some other products are on the market which are labeled for non-refrigerated storage, but independent evaluations of their stability hardly exist. In the present study, seven brands (nine batches) of oxytocin were purchased from wholesalers and medical stores in Malawi and Rwanda and investigated by accelerated stability testing according to the ICH/WHO guidelines. Two oxytocin brands approved by a stringent regulatory authority (SRA) or by the WHO Prequalification of Medicines program and purchased in Europe were used as comparison. All investigated brands which were either produced in countries with SRAs, or were WHO-prequalified products, were labeled for storage at 2-8°C, and all of them passed stability testing with very good results. Even exposure to 25°C or 30°C for several months hardly affected their oxytocin content. However, two other investigated brands were labeled for non-refrigerated storage, and both of them had been produced in countries without SRAs. These two preparations showed not higher but lower stability than the brands labeled for storage at 2-8°C, and, for both of them, noncompliance with pharmacopoeial specifications was found after accelerated stability testing. At 40°C, and in forced degradation studies at 80°C, chlorobutanol showed a remarkable stabilizing effect on oxytocin, which may deserve further investigation. The results of the present study support the policy ""Buy Quality Oxytocin, Keep It Cool.""","","10.4269/ajtmh.20-0255"
"Jeffrey D Stanaway; Phionah L Atuhebwe; Stephen P Luby; John A Crump","Assessing the Feasibility of Typhoid Elimination.","Clinical infectious diseases : an official publication of the Infectious Diseases Society of America",2021,"In 1993, the International Task Force on Disease Eradication classified the political will for typhoid eradication as ""none."" Here we revisit the Task Force's assessment in light of developments in typhoid vaccines and increasing antimicrobial resistance in Salmonella Typhi that have served to increase interest in typhoid elimination. Considering the requisite biological and technical factors for elimination, effective interventions exist for typhoid, and humans are the organism's only known reservoir. Improvements in water supply, sanitation, hygiene, and food safety are critical for robust long-term typhoid control, and the recent Strategic Advisory Group of Experts on Immunization recommendation and World Health Organization prequalification should make typhoid conjugate vaccine more accessible and affordable in low-income countries, which will allow the vaccine to offer a critical bridge to quickly reduce burden. While these developments are encouraging, all current typhoid diagnostics are inadequate, having either poor performance characteristics, limited scalability, or both. No clear solution exists, and this should be viewed as a critical challenge to any elimination effort. Moreover, asymptomatic carriers and limited data and surveillance remain major challenges, and countries considering elimination campaigns will need to develop strategies to identify high-risk populations and to monitor progress over time. Finally, policymakers must be realistic in planning, learn from the planning failures of previous elimination and eradication efforts, and expect unforeseeable shocks and setbacks. In the end, if we assume neither unanticipated breakthroughs in typhoid control nor any chaotic shocks, history suggests that we should expect typhoid elimination to take decades.","Salmonella Typhi; control; elimination; typhoid; vaccine","10.1093/cid/ciaa585"
"Ranju Baral; Xiao Li; Lander Willem; Marina Antillon; Alba Vilajeliu; Mark Jit; Philippe Beutels; Clint Pecenka","The impact of maternal RSV vaccine to protect infants in Gavi-supported countries: Estimates from two models.","Vaccine",2021,"Interventions to protect young infants against respiratory syncytial virus (RSV) are in advanced phases of development and are expected to be available in the foreseeable future. Gavi, the Vaccine Alliance, included maternal vaccines and infant monoclonal antibodies for RSV as part of the 2018 vaccine investment strategy (VIS) and decided to support these products subject to licensure, World Health Organization prequalification, Strategic Advisory Group of Experts recommendation, and meeting the financial assumptions used as the basis of the investment case. Impact estimates reported in this manuscript were used to inform the Gavi VIS. We compared two independent vaccine impact models to evaluate a potential maternal RSV vaccine's impact on infant health in 73 Gavi-supported countries. Key inputs were harmonized across both models. We analyzed various scenarios to evaluate the effect of uncertain model parameters such as vaccine efficacy, duration of infant protection, and infant disease burden. Estimates of averted cases, severe cases, hospitalizations, deaths, and disability-adjusted life years (DALYs) were calculated over the 2023-2035 horizon. A maternal RSV vaccine with 60% efficacy offering 5 months of infant protection implemented across 73 low- and middle-income countries could avert 10.1-12.5 million cases, 2.8-4.0 million hospitalizations, 123.7-177.7 thousand deaths, and 8.5-11.9 million DALYs among infants under 6 months of age for the duration of analysis (2023-2035). Maternal RSV vaccination was projected to avert up to 42% of estimated RSV deaths among infants under 6 months in year 2035. Alternative scenario analyses with higher disease burden assumptions showed that a maternal vaccine could avert as many as 325-355 thousand deaths among infants under 6 months. RSV maternal immunization is projected to substantially reduce mortality and morbidity among young infants if introduced across Gavi-supported countries. This work was supported by Bill & Melinda Gates Foundation, Seattle, WA, and Respiratory Syncytial Virus Consortium in Europe. The findings and conclusions contained within are those of the authors and do not necessarily reflect positions or policies of the Bill & Melinda Gates Foundation or of the Respiratory Syncytial Virus Consortium. LW is supported by Research Foundation-Flanders (1234620 N).","Child health; Gavi, the Vaccine Alliance; Health impact; Maternal RSV vaccine; Respiratory syncytial virus (RSV)","10.1016/j.vaccine.2020.06.036"
"Sonia Pagliusi; Maureen Dennehy; Akira Homma","Two decades of vaccine innovations for global public good: Report of the Developing Countries' Vaccine Manufacturers Network 20th meeting, 21-23 october 2019, Rio de Janeiro, Brazil.","Vaccine",2021,"The Developing Countries' Vaccine Manufacturers Network, joined by global health organizations, held its 20th meeting celebrating two decades of vaccine innovations for global public good. Health leaders from industry, academia and global health organizations reviewed efforts to accelerate innovation, improve access to vaccines, overcome inequalities and strengthen technological and public-health management capabilities. Discussion topics included World Health Organization's immunization strategy, Pan American Health Organization's system-strengthening efforts, Gavi's evaluation of vaccine coverage in middle income countries and developments on public-market intelligence. Health market trends, delivery gaps, integration of system-wide needs, costs and benefits, and implications for stakeholder decision-making were areas of focus. Novel thinking was discussed on integration of policy, financing, regulatory pathways and alignment of innovation priorities to improve efficiency in vaccine development pathways. The Vaccine Innovation Prioritization Strategy collaboration presented nine global innovation priorities, and many other partners and members presented updates on their priorities. Novel technologies and platforms, such as RNA-based vaccines, adenoviral vectors, bioconjugation, blow-fill-seal and two-dimensional barcodes, provided opportunities to accelerate vaccine innovations. Challenges in planning and operations at global level included those in health security, polio eradication, re-emergence of diseases, disparities between forecasts and orders and heterogeneous regulatory requirements. Manufacturers were urged to accelerate innovation and prequalification of high-impact vaccines, such as pneumococcal, human papillomavirus and rotavirus vaccines, to strengthen immunization globally.","Biotechnology innovation; Developing countries; Market intelligence; Regulatory convergence; Vaccine manufacturing","10.1016/j.vaccine.2020.05.062"
"Ariadna Nebot Giralt; Maya Ronse; Raffaella Ravinetto","A survey of nongovernmental organizations on their use of WHO's prequalification programme.","Bulletin of the World Health Organization",2020,"To obtain the perspectives of some small- and medium-sized organizations on the World Health Organization (WHO) prequalification programme for medicines and to ascertain organizations' unmet needs. We conducted an exploratory, qualitative study in 2018 among 17 representatives of 15 small- and medium-sized Belgian and non-Belgian organizations who purchase medicines for humanitarian, development or public programmes in low- and middle-income countries. We used semi-structured interviews to obtain respondents' views and experiences of using WHO prequalification guidance when procuring medicines. We identified emerging themes and formulated recommendations about the activities of the WHO Prequalification Team. Most respondents suggested expanding prequalification to essential antibiotics, particularly paediatric formulations; and insulin, antihypertensives and cancer treatments. Respondents were concerned about irregular availability of WHO-prequalified medicines in the marketplace and sometimes high prices of prequalified products. Small organizations, in particular, had difficulties negotiating low-volume purchases. Organizations working in primary health care and hospitals seldom referred to the prequalified lists. We recommend that the WHO-prequalified products be expanded to include essential antibiotics and medicines for noncommunicable diseases. The WHO Prequalification Team could require prequalified manufacturers to make publicly available the details of their authorized distributors and facilitate a process of harmonization of quality assurance policies across all donors. Prequalification of distributors and procurement agencies could help create more transparent and stringent mechanisms. We urge WHO Member States and funders to sustain support for the WHO Prequalification Team, which remains important for the fulfilment of universal health coverage. Connaître le point de vue de quelques petites et moyennes organisations vis-à-vis du Programme de préqualification des médicaments dirigé par l'Organisation mondiale de la Santé (OMS), et déterminer quels sont les besoins non satisfaits de ces organisations. Nous avons mené une étude qualitative exploratoire en 2018 auprès de 17 représentants de 15 petites et moyennes organisations belges et non belges qui se procurent des médicaments pour des programmes humanitaires, publics ou de développement dans des pays à faible et moyen revenu. Nous avons conduit des entretiens semi-structurés afin de recueillir les avis et expériences des répondants concernant les conseils de préqualification fournis par l'OMS au moment d'acheter des médicaments. Nous avons identifié de nouveaux thèmes et formulé des recommandations autour des activités de l'équipe de préqualification de l'OMS La plupart des répondants ont suggéré d'élargir la préqualification aux antibiotiques essentiels, en particulier les formulations pédiatriques, ainsi qu'à l'insuline, aux antihypertenseurs et aux traitements contre le cancer. Plusieurs répondants ont exprimé leur inquiétude quant à la disponibilité irrégulière des médicaments préqualifiés par l'OMS sur le marché, mais aussi aux prix parfois élevés des produits préqualifiés. De leur côté, les petites organisations éprouvent des difficultés à négocier l'achat de faibles volumes. Enfin, les organisations qui travaillent dans le secteur des hôpitaux et soins de santé primaires se réfèrent rarement aux listes de préqualification. Nous recommandons de compléter la liste des produits préqualifiés établie par l'OMS afin d'inclure des médicaments et antibiotiques essentiels pour les maladies non transmissibles. Par ailleurs, l'équipe de préqualification de l'OMS pourrait exiger des fabricants préqualifiés de publier les coordonnées de leurs distributeurs agréés et de favoriser l'harmonisation des politiques d'assurance de la qualité chez tous leurs donateurs. La préqualification des distributeurs et des organismes d'achat pourrait contribuer à créer des mécanismes plus rigoureux et transparents. Nous encourageons les bailleurs de fonds et États Membres de l'OMS à soutenir durablement l'équipe de préqualification de l'OMS, qui demeure un outil important dans l'instauration d'une couverture maladie universelle. Obtener las perspectivas de algunas organizaciones pequeñas y medianas sobre el programa de precalificación de medicamentos de la Organización Mundial de la Salud (OMS) y determinar las necesidades que las organizaciones no han cubierto. En 2018 se realizó un estudio cualitativo y exploratorio entre 17 representantes de 15 organizaciones pequeñas y medianas belgas y no belgas que compran medicamentos para programas humanitarios, de desarrollo o públicos en países de ingresos bajos y medios. Se utilizaron entrevistas semiestructuradas para conocer las opiniones y las experiencias de los encuestados sobre el uso de la orientación de precalificación de la OMS en la compra de los medicamentos. Se identificaron temas emergentes y se formularon recomendaciones sobre las actividades del Equipo de precalificación de la OMS. La mayoría de los encuestados sugirieron que se ampliara la precalificación a los antibióticos esenciales, en particular a los medicamentos pediátricos, y a la insulina, los antihipertensivos y los tratamientos contra el cáncer. Los encuestados se mostraron preocupados por la disponibilidad irregular de los medicamentos precalificados por la OMS en el mercado y, a veces, por los precios altos de los productos precalificados. En particular, las organizaciones pequeñas tenían dificultades para negociar las adquisiciones de bajo volumen. Las organizaciones que trabajaban en la atención primaria de la salud y en los hospitales se remitían a las listas de medicamentos precalificados pocas veces. Se recomienda que los productos precalificados por la OMS se amplíen para incluir los antibióticos y los medicamentos esenciales de las enfermedades no transmisibles. El Equipo de precalificación de la OMS podría exigir a los fabricantes precalificados que publiquen los datos de sus distribuidores autorizados y faciliten un proceso de armonización de las políticas relacionadas con la garantía de calidad para todos los donantes. La precalificación de los distribuidores y de las agencias de adquisiciones podría ayudar a crear mecanismos más transparentes y rigurosos. Se insta a los Estados miembros de la OMS y a los financiadores a que mantengan su apoyo al Equipo de precalificación de la OMS, que sigue siendo importante para el cumplimiento de la cobertura sanitaria universal. الغرض​ الحصول على وجهات النظر الخاصة ببعض المنظمات الصغيرة والمتوسطة الحجم بشأن برنامج التأهيل المسبق لمنظمة الصحة العالمية (WHO) للأدوية، والتأكد من الاحتياجات التي لم يتم الوفاء بها للمنظمات. الطريقة قمنا بإجراء دراسة استكشافية ونوعية في عام 2018 بين 17 ممثلاً عن 15 منظمة بلجيكية وغير بلجيكية صغيرة ومتوسطة الحجم، والتي قامت بشراء الأدوية للبرامج الإنسانية أو التنموية أو العامة في الدول المحدودة الدخل والمتوسطة الدخل. قمنا بالاستعانة بالمقابلات الشخصية شبه المنظمة للحصول عليها آراء وخبرات المشاركين حول استخدام إرشادات التأهيل المسبق الخاصة بمنظمة الصحة العالمية عند شراء الأدوية. وحددنا المواضيع الناشئة وقمنا بصياغة توصيات بخصوص أنشطة فريق التأهيل المسبق لمنظمة الصحة العالمية. النتائج اقترح معظم المشاركين توسيع التأهيل المسبق ليشمل المضادات الحيوية الأساسية، وبخاصة التركيبات الخاصة بالأطفال؛ والإنسولين، ومخفضات ضغط الدم المرتفع، وعلاجات السرطان. وأعرب المشاركون عن قلقهم من عدم انتظام توافر أدوية التأهل المسبق للمنظمة الصحة العالمية في السوق، وأحيانًا الأسعار المرتفعة لمنتجات التأهل المسبق. واجهت المنظمات الصغيرة، على وجه الخصوص، صعوبات في التفاوض بخصوص عمليات الشراء منخفضة الحجم. ونادراً ما تم الإشارة في قوائم التأهل المسبق إلى المنظمات العاملة في الرعاية الصحية الأولية والمستشفيات. الاستنتاج نحن نوصي بتوسيع منتجات التأهيل المسبق الخاصة بمنظمة الصحة العالمية، لتشمل المضادات الحيوية الأساسية وأدوية الأمراض غير المعدية. يمكن أن يطلب فريق التأهيل المسبق، التابع لمنظمة الصحة العالمية، من المصنعين المؤهلين مسبقاً أن يوفروا تفاصيل الموزعين المعتمدين لديهم بشكل علني، وتسهيل عملية تنسيق سياسات ضمان الجودة لدى كل الجهات المانحة. يمكن للتأهيل المسبق أن يساعد الموزعين ووكالات المشتريات في وضع آليات أكثر شفافية وصرامة. ونحن نحث الدول الأعضاء وجهات التمويل في منظمة الصحة العالمية، على مواصلة الدعم لفريق التأهيل المسبق بمنظمة الصحة العالمية، والذي لا يزال مهماً لتحقيق التغطية الصحية الشاملة. 旨在了解一些中小型组织对世界卫生组织 (WHO) 药品资格预审项目的看法，并确定这些组织未满足的需求。. 我们于 2018 年对 15 个中小型比利时和非比利时组织中的 17 名代表进行了探索性定性研究，这些代表购买的药物用于中低收入国家的人道主义、发展或公共项目。我们采用半结构式访谈的方式，获取了受访者对采购药品时使用世卫组织资格预审指南的看法和体验。我们确定了新主题，并对世卫组织资格预审小组的活动提出了建议。. 大多数受访者建议扩大基本抗生素的资格预审范围，尤其是儿科制剂；以及胰岛素、降压药和癌症治疗药物。受访者担心世卫组织预审药品在市场上供应不稳定，有时预审产品的价格过高。特别是小型组织在商洽小批量采购时遭遇困难。初级医疗护理机构和医院的下属组织很少参考预审清单。. 我们建议将世卫组织资格预审的药物扩大至包括基本抗生素和治疗非传染性疾病的药物。世卫组织资格预审小组可要求通过资格预审的制造商公开其授权经销商的详细信息，并帮助制定协调各捐助方之间质量保证政策的流程。经销商和采购机构的资格预审有助于建立更加透明和严格的机制。我们敦促世卫组织成员国和资助者继续支持世卫组织资格预审小组，这对实现全民健康覆盖意义非凡。. Получить мнение некоторых малых и средних организаций по программе Всемирной организации здравоохранения по предварительной квалификации лекарственных средств и выяснить неудовлетворенные потребности организаций. В 2018 году авторы провели экспериментальное качественное исследование с участием 17 представителей от 15 организаций малого и среднего бизнеса в Бельгии и за ее пределами, которые закупают лекарственные средства для гуманитарных программ, программ по развитию или общественных программ, проводимых в странах с низким и средним уровнем дохода. Авторы использовали полуструктурированные интервью, чтобы узнать мнения и опыт респондентов в отношении использования руководства ВОЗ по предварительной квалификации при закупке лекарственных средств. Были определены новые темы, а также сформулированы рекомендации для деятельности группы предварительной квалификации ВОЗ. Большинство респондентов предложили распространить действие предварительной квалификации на основные антибиотики, особенно на педиатрические препараты, а также инсулин, гипотензивные средства и медицинские препараты для лечения рака. Респонденты были обеспокоены нерегулярным наличием лекарственных средств, предварительно квалифицированных ВОЗ, на рынке и высокими ценами на предварительно квалифицированные товары. В частности, малые организации сталкивались с трудностями при проведении переговоров о закупках в небольших объемах. Организации, работающие в учреждениях первичной медико-санитарной помощи и больницах, редко упоминались в списках предварительной квалификации. Авторы рекомендуют расширить список товаров, предварительно квалифицированных ВОЗ, включив в них основные антибиотики и лекарственные средства для лечения неинфекционных заболеваний. Группа предварительной квалификации ВОЗ может потребовать от предквалифицированных производителей публиковать подробную информацию об уполномоченных дистрибьюторах и содействовать процессу согласования политики обеспечения качества со всеми финансирующими организациями. Предварительная квалификация дистрибьюторов и закупочных организаций поможет создать более прозрачные и строгие механизмы контроля и управления. Авторы призывают государства-члены ВОЗ и спонсоров оказывать поддержку группе предварительной квалификации ВОЗ, которая важна для обеспечения всеобщего охвата медико-санитарными услугами.","","10.2471/BLT.19.233882"
"Benoit Hayman; Sonia Pagliusi","Emerging vaccine manufacturers are innovating for the next decade.","Vaccine: X",2024,"The Developing Countries Vaccine Manufacturers Network (DCVMN) is a public health-driven alliance consisting of 43 vaccine manufacturers from 14 countries and territories, operating under the mandate to protect all people against known and emerging infectious diseases, by improving the availability of high-quality vaccines globally. The Network provides a platform for organizations to come together regularly to share technical information, best practices and future prospects. DCVMN members are playing an increasingly important role in public health supplying over 50% of the doses of vaccines procured by UNICEF globally. To evaluate the progress made by Network's members, a survey consisting of 9 questions covering three important components of the manufacturers in the network was created, focusing on company dedicated human resources, vaccine production, and research and development efforts. Results show that more vaccines from more manufacturers are achieving WHO Pre-qualification, with areas of focus including the contributions to a Polio-free world, ending cholera, and tackling re-emerging diseases, such as measles. An increase by 50% of number of manufacturing companies holding WHO prequalified vaccines was observed from 2013 to 2019, strengthening open competitiveness for global vaccines supply. Notably, Network members have 181 vaccine projects in the research and development pipeline, highlighting novel vaccines against mosquito-borne diseases, such as dengue, chikungunya and Zika, novel human papillomavirus and pneumococcal conjugated vaccines. This report summarizes the progressive efforts of DCVMN members to contribute to reducing the burden of infectious diseases globally and details their commitment to vaccine innovation, particularly in the past five years, in the context of how vaccine innovations of today will shape the fight against infectious diseases tomorrow.","Infectious diseases; Polio eradication; Vaccination; Vaccine manufacture; Vaccine’s supply","10.1016/j.jvacx.2020.100066"
"Maria Cavaller Bellaubi; Martin Harvey Allchurch; Clement Lagalice; Agnes Saint-Raymond","The European Medicines Agency facilitates access to medicines in low- and middle-income countries.","Expert review of clinical pharmacology",2021,"","Europe; Global health; WHO; drug; marketing authorization; patient access; sustainable Development Goals","10.1080/17512433.2020.1724782"
"Hanif Shaikh; Julia Lynch; Jerome Kim; Jean-Louis Excler","Current and future cholera vaccines.","Vaccine",2021,"Cholera remains a major global public health problem that is primarily linked to insufficient access to safe water and proper sanitation. Oral Cholera Vaccine (OCV) has been recommended as an additional public health tool along with WASH in cholera endemic countries and in areas at risk for outbreaks. The new generation OCV is safe and offers good protection in older children and adults while limited protection in younger children less than five years of age has been observed. The combination of direct vaccine protection and vaccine herd immunity effects makes OCV highly cost-effective and, therefore, attractive for use in developing countries. Additionally, in recent studies OCV was safe in pregnant women, supporting its use in pregnant women in cholera endemic countries. However, knowledge need to be developed for current vaccines for their prolonged duration of protection and vaccines need improvements for better immune response in younger children. A single dose vaccination regimen would be more cost-effective and easier to deliver. Recent approaches have focused on designing genetically attenuated cholera strains for use in single-dose cholera vaccines. The global demand for OCV has been boosted by the WHO recommendation to use OCV and is driven largely by epidemics and outbreaks and has been increasing due to the availability of cheaper easy-to-use vaccines, feasibility of mass OCV vaccination campaigns, demonstration of protection to underserved population in precarious situations, and vaccine costs being borne by Gavi (Vaccine Alliance). For rapid access in emergency and equitable distribution of OCV in cholera-endemic low-income countries, a global OCV stockpile was established in 2013 with support from the Global Alliance for Vaccines and Immunization. The three WHO-prequalified vaccines are Dukoral®, Shanchol™, Euvichol® (and Euvichol® Plus presentation), the latter two being included in the stockpile.","Cholera; Oral cholera vaccine; Parenteral cholera vaccine; Prevention; Stockpile; Vaccine; WHO prequalification","10.1016/j.vaccine.2019.12.011"
"Elena Grabski; Eberhard Hildt; Ralf Wagner","[Licensing procedures for human vaccines in Germany and Europe and the WHO prequalification program].","Bundesgesundheitsblatt, Gesundheitsforschung, Gesundheitsschutz",2020,"Vaccinations are amongst the most important and powerful preventive measures modern medicine has to offer. By their nature, vaccines represent a very complex class of biological medicines. Licensure of novel vaccines is a process conducted on the basis of a comprehensive set of well-defined legal and procedural requirements. The key aim of the regulatory evaluation of vaccines is to confirm their pharmaceutical quality, safety, and efficacy in order to conclude on the positive benefit/risk ratio that is an absolute prerequisite for granting a license.In Europe there exist four types of licensing procedures for human vaccines (national, MRP, DCP, and centralized) depending on whether the vaccine is intended to be marketed nationally, in several, or all EU countries. Modern innovative vaccines are mostly licensed via the centralized EU procedure, which also offers a certain degree of procedural flexibility for specific vaccines under defined conditions. However, the basic regulatory requirements are the same for all types of licensing procedures. In order for a license to be granted, a vaccine has to fulfill all relevant regulatory requirements as regards pharmaceutical quality, including each manufacturing and control step as well as preclinical and clinical characterization. Most importantly, clinical trials in humans conducted prelicensure to determine vaccine safety and efficacy play a key role during the licensing procedure and for decision making.The WHO prequalification procedure was implemented to enable worldwide access to medicines of approved quality. Its prime aim is to establish and ensure appropriate universally recognized regulatory standards for vaccines to be used throughout the entire world.","Benefit/risk ratio; Efficacy; Licensure procedures; Safety; Vaccination","10.1007/s00103-019-03059-w"
"David Beran; Zafar Mirza; Jicui Dong","Access to insulin: applying the concept of security of supply to medicines.","Bulletin of the World Health Organization",2020,"Security of supply of medicines is fundamental to ensure health for all. Furthermore, improving access to medicines is included in sustainable development goal 3. However, the concept of security of supply has mostly been applied to food, water and energy. Diversity of supply, vulnerability to disruption, expenditure, infrastructure, stability of exporting countries, ownership of production, price stability, access and equity, affordability, intellectual property, safety and reliability of supply, and countries' capacity to adapt to market changes are all elements of security of supply. Based on these elements, we assessed security of supply for insulin, since access to insulin is a global problem. We found that three multinational companies, in Denmark, France and Germany, control 99% of the value of the global insulin market. Prices and affordability of insulin and access to it vary considerably between countries. Some countries are vulnerable to insulin shortage because they import insulin from only one source. Many countries spend large amounts of money on insulin and costs are increasing. Some countries lack an adequate infrastructure for procurement, supply chain management and distribution of insulin. Applying the security of supply concept to insulin showed that diversification of suppliers needs to be fostered. Global health actors should adopt a security of supply approach to identify medicines that are susceptible to supply issues and address this concern by strategic promotion of local production, strengthening regulatory harmonization, and adding local products to the World Health Organization's programme on prequalification of medicines. La sécurité de l'approvisionnement en médicaments est fondamentale pour garantir une bonne santé pour tous. De plus, l'amélioration de l'accès aux médicaments figure dans l'Objectif de développement durable n°3. Or, le concept de sécurité d'approvisionnement a jusqu'à présent été principalement appliqué aux aliments, aux boissons et à l'énergie. La diversité d'approvisionnement, la vulnérabilité face aux perturbations de la chaîne d'approvisionnement, les infrastructures, la stabilité des pays exportateurs, la propriété des moyens de production, la stabilité des prix, l'accès et l'équité, l'accessibilité des prix, la propriété intellectuelle, la sûreté et la fiabilité de l'approvisionnement ainsi que la capacité des pays à s'adapter aux évolutions du marché sont autant de notions inhérentes à la sécurité d'approvisionnement. À partir de ces éléments, nous avons évalué la sécurité d'approvisionnement pour l'insuline, étant donné que l'accès à l'insuline constitue un enjeu mondial. Nous avons constaté que trois multinationales (au Danemark, en France et en Allemagne) contrôlent 99% de la valeur du marché mondial de l'insuline. Les prix, leur accessibilité ainsi que l'accès à l'insuline varient considérablement d'un pays à un autre. Certains pays sont vulnérables face aux pénuries d'insuline, car ils n'importent l'insuline qu'auprès d'une seule source. De nombreux pays dépensent énormément d'argent pour l'insuline, et les coûts sont en augmentation. Certains pays n'ont pas d'infrastructures appropriées pour les achats, la gestion de la chaîne d'approvisionnement et la distribution de l'insuline. L'application du concept de sécurité d'approvisionnement à l'insuline nous a montré que la diversification des fournisseurs doit être encouragée. Les acteurs mondiaux de la santé devraient adopter une approche de sécurité d'approvisionnement pour identifier les médicaments susceptibles de connaître des problèmes d'approvisionnement et répondre à cet enjeu par la promotion stratégique d'une production locale, le renforcement de l'harmonisation réglementaire et l'ajout de produits locaux dans le programme de l'Organisation mondiale de la Santé sur la préqualification des médicaments. La seguridad en el suministro de medicamentos es fundamental para garantizar la salud de todos. Además, la mejora del acceso a los medicamentos está incluida en el objetivo de desarrollo sostenible 3. Sin embargo, el concepto de seguridad en el suministro se ha aplicado principalmente a los alimentos, el agua y la energía. La diversidad del suministro, la vulnerabilidad a las perturbaciones, el gasto, la infraestructura, la estabilidad de los países exportadores, la propiedad de la producción, la estabilidad de los precios, el acceso y la equidad, la asequibilidad, la propiedad intelectual, la seguridad y la fiabilidad del suministro y la capacidad de los países para adaptarse a los cambios del mercado son todos elementos que se incluyen en la seguridad en el suministro. Con base en estos elementos, se ha evaluado la seguridad del suministro de insulina, ya que el acceso a esta es un problema mundial. Se ha descubierto que tres empresas multinacionales, en Dinamarca, Francia y Alemania, controlan el 99 % del valor de mercado mundial de insulina. Los precios y la asequibilidad de la insulina y el acceso a ella varían considerablemente de un país a otro. Algunos países son vulnerables a la escasez de insulina porque la importan de una sola fuente. Muchos países gastan grandes cantidades de dinero en insulina y los costes aumentan. Algunos países carecen de una infraestructura adecuada para la adquisición, la gestión de la cadena de suministro y la distribución de insulina. La aplicación del concepto de seguridad en el suministro a la insulina demostró que es necesario fomentar la diversificación de los proveedores. Los agentes de la salud mundial deberían adoptar un enfoque de seguridad en el suministro para identificar los medicamentos que son susceptibles de problemas de suministro y abordar esta preocupación mediante la promoción estratégica de la producción local, el fortalecimiento de la armonización de los reglamentos y la incorporación de los productos locales al programa de la Organización Mundial de la Salud sobre la precalificación de los medicamentos. يعد تأمين الإمداد بالأدوية أمرًا أساسيًا لضمان الصحة للجميع. علاوة على ذلك، فإن تحسين الحصول على الأدوية يتضمن الهدف 3 من أهداف التنمية المستدامة. ومع ذلك، فقد تم تطبيق مفهوم تأمين الإمداد في الغالب على الغذاء والماء والطاقة. تنوع الإمداد، وإمكانية التعرض للانقطاع، والإنفاق، والبنية التحتية، واستقرار البلدان المصدرة، وملكية الإنتاج، واستقرار الأسعار، وإمكانية الحصول عليه بإنصاف، والقدرة على تحمل التكاليف، والملكية الفكرية، وسلامة وموثوقية الإمداد، وقدرة البلدان على التكيف مع تغيرات السوق، تمثل جميعها عناصر لأمن الإمداد. واستنادًا إلى هذه العناصر، قمنا بتقييم أمان الإمداد بالأنسولين، نظرًا لأن الحصول عليه يمثل مشكلة عالمية. وجدنا أن ثلاث شركات متعددة الجنسيات في الدنمرك وفرنسا وألمانيا، تسيطر على 99٪ من قيمة سوق الأنسولين العالمي. تختلف أسعار الأنسولين، والقدرة على تحملها، وإمكانية الوصول إليها، اختلافًا كبيرًا بين البلدان. بعض البلدان معرضة لنقص الأنسولين نظراً لأنها تستورد الأنسولين من مصدر واحد فقط. تنفق العديد من البلدان مبالغ طائلة على الأنسولين، ولا زالت التكاليف في صعود. تفتقر بعض البلدان إلى بنية تحتية مناسبة للمشتريات ولإدارة سلسلة التوريد وتوزيع الأنسولين. إن تطبيق مفهوم أمان الإمداد على الأنسولين أظهر أن تنويع الموردين يحتاج إلى رعاية. ينبغي أن تعتمد الجهات الصحية العالمية الفاعلة نهجاً تأمين الإمداد، لتحديد الأدوية المعرضة لقضايا الإمداد، ومعالجة هذا الشأن من خلال الترويج الاستراتيجي للإنتاج المحلي، وتعزيز التنسيق التنظيمي، وإضافة منتجات محلية إلى برنامج منظمة الصحة العالمية الخاص بالتأهيل المسبق للأدوية. 药品供应安全是确保人人享有健康的基础。此外，增加获取药物的机会已纳入可持续发展目标 3。然而，供应安全概念主要应用于食品、水和能源。供应的多样性、脆弱性、支出、基础设施、出口国稳定性、产品所有权、价格稳定性、获取与公平、可负担性、知识产权、供应安全性和可靠性以及各国适应市场变化的能力，都是供应安全的要素。基于这些要素，我们对胰岛素供应的安全性进行了评估，因为对胰岛素的获取是一个全球问题。结果表明，丹麦、法国和德国的三家跨国公司控制着全球 99% 的胰岛素市场份额。胰岛素的价格、可负担性和可得性在各国之间有显著差异。某些国家胰岛素进口渠道只有一个，因此很容易面临胰岛素短缺。诸多国家在胰岛素上投入了大量资金，且成本在不断增加。某些国家缺乏胰岛素采购、供应链管理和分销所需的基础设施。将供应安全概念应用于胰岛素，表明需要促进供应商的多样化。全球卫生行动者应采取供应安全的方法来确定易受供应问题影响的药物，并通过战略性提升本地产量、加强监管协调，以及将本地产品纳入世卫组织药品资格预审项目来解决这一问题。. Надежность поставок лекарственных средств — основа обеспечения всеобщего здравоохранения. Кроме того, улучшение доступа к лекарственным средствам включено в цель номер 3 программы устойчивого развития. Однако концепция надежности поставок в основном применялась к пищевым продуктам, воде и энергии. Разнообразие источников поставок, уязвимость к сбоям поставок, затраты, инфраструктура, стабильность в странах-экспортерах, владение производством, стабильность цен, доступность и равные возможности доступа, приемлемая цена, вопросы интеллектуальной собственности, безопасность и надежность поставок и способность страны адаптироваться к изменениям на рынке — все это элементы системы обеспечения надежности поставок. На основании этих элементов авторы оценивали надежность поставок инсулина, так как доступность инсулина является глобальной проблемой. Было обнаружено, что три транснациональные компании (из Германии, Дании и Франции) совместно контролируют 99% мирового рынка производства инсулина. Цены, доступность инсулина и возможность его использования значительно различаются в разных странах. Некоторые страны весьма чувствительны к дефициту инсулина, поскольку они импортируют инсулин только из одного источника. Многие страны тратят огромные суммы денег на приобретение инсулина, и затраты на него постоянно растут. В некоторых странах отсутствует необходимая инфраструктура для закупок, управления цепочкой поставок и распределения инсулина. Применение концепции надежности поставок к инсулину показало, что необходимо способствовать диверсификации поставщиков. Организации, действующие в области мирового здравоохранения, должны внедрить у себя подход обеспечения надежности поставок, чтобы выявлять лекарственные препараты, подверженные перебоям в поставках, и решать соответствующие проблемы посредством стратегического развития местного производства, укрепления процессов согласования режимов регулирования, а также введения местной лекарственной продукции в программу Всемирной организации здравоохранения по предварительной квалификации лекарственных средств.","","10.2471/BLT.18.217612"
"Sonia Pagliusi; Yanchun Che; Shaozhong Dong","The art of partnerships for vaccines.","Vaccine",2020,"The Developing Countries Vaccine Manufacturers Network (DCVMN) convened vaccine manufacturing experts and leaders from local and global public health organizations for its 19th Annual General Meeting. Lectures and panel discussions centered on international cooperation for better access to vaccines, and partnerships in areas ranging from vaccine research and process development, to clinical studies, regulatory, supply chain and emergency preparedness and response. Global vaccine market trends and changes that will impact vaccine financing and procurement methods were discussed as well as capital sources, including funding, for the development of new or improved vaccines. DCVMN members presented their progress in developing novel Hexavalent, Meningitis, Pneumococcal Conjugate Vaccine, Shigella, Mumps, Rotavirus, Yellow Fever, Polio, Hepatitis E and Dengue vaccines, and a novel monoclonal antibody cocktail for post-bite prophylaxis against rabies infections. Access to and availability of vaccines is enhanced through sharing of best practices for vaccine quality control, reducing redundant testing and promoting development of harmonized common standards. Eligible stakeholders were encouraged to join the WHO-National Control Laboratory Network for Biologicals which serves as a platform for collaboration and technical exchange in this area. Increasing regulatory convergence at the regional and global levels through mechanisms such as joint dossier review and the WHO Collaborative Registration Procedure can help to accelerate vaccine access globally. Additionally, four proposals for streamlining procedures and alignment of dossiers were discussed. Successful partnerships between a broad range of stakeholders, including international organizations, manufacturers, academic research institutes and regulators have provided support for, and in some cases accelerated, vaccine innovation, clinical trials and registration, WHO prequalification, vaccine introduction and access. Strong partnerships, based on experience and trust, help leverage opportunities and are critically important to advancing the shared goal of providing quality vaccines for all people.","Developing countries; Immunization; Public-private partnerships; Technology innovation; Vaccine market trends","10.1016/j.vaccine.2019.07.088"
"Melissa Malhame; Edward Baker; Gian Gandhi; Andrew Jones; Philipp Kalpaxis; Robyn Iqbal; Yalda Momeni; Aurelia Nguyen","Shaping markets to benefit global health - A 15-year history and lessons learned from the pentavalent vaccine market.","Vaccine: X",2020,"Market shaping for health products used in lower-income countries strives to benefit public health. As a funder of vaccines, Gavi, The Vaccine Alliance (Gavi) has goals for its market shaping efforts, achieved through a strategy developed and implemented by the Gavi Secretariat, UNICEF, the World Health Organization (WHO) and the Bill & Melinda Gates Foundation (BMGF). A case-study of Gavi's fifteen-year engagement with a vaccine against diphtheria, tetanus, pertussis, hepatitis B and","B, billion; BMGF, The Bill & Melinda Gates Foundation; DALY, disability-adjusted life-years; DTP, diphtheria tetanus pertussis vaccine; DTwP, diphtheria tetanus whole-cell pertussis vaccine; Gavi, Gavi The Vaccine Alliance; Global health; HMF, Healthy Market Framework; HepB, hepatitis B vaccine; Hib, haemophilus influenzae type b vaccine; IPV, inactivated polio virus; Immunisation; M, million; MIC, middle-income country; Market dynamics; Market shaping; NRA, National Regulatory Authority; PAHO, Pan American Health Organization; PRG, Procurement Reference Group; Pentavalent; Roadmap, Supply and Procurement Roadmap; SPS, Supply and Procurement Strategy; US$, United States Dollar; Vaccines; WAP, weighted average price; WHO, World Health Organization","10.1016/j.jvacx.2019.100033"
"Ivana Škrnjug; Sabina Uzeirbegović; Maja Lovrek Romčević; Siniša Tomić; Heidi Meyer; Christoph Conrad","Mutual recognition in the European system: A blueprint for increasing access to medicines?","Regulatory toxicology and pharmacology : RTP",2020,"The European regulatory system for approval of medicinal products is globally recognised as a unique platform for regulatory work-sharing and mutual recognition. As such, it potentially serves as a role model for regulatory capacity building worldwide. While focusing on mutual recognition and decentralised procedures, this paper illustrates key success factors and structures allowing for the reliance-based authorisation of medicines in the European Economic Area from the perspective of a national regulatory authority (NRA). This paper presents major challenges in fulfilling the requirements for joining the European Medicines Regulatory Network (EMRN) and the strategies regarding how those challenges could be successfully addressed based on the example of the Agency for Medicinal Products and Medical Devices of Croatia, the most recent NRA in the EMRN. It also discusses the hallmarks of successful implementation of the European system of reliance as a blueprint for increasing access to safe and efficacious medicines from the perspective of a NRA.","Access to medicines; Mutual recognition; Regulatory harmonisation; Reliance; Work-sharing","10.1016/j.yrtph.2019.05.004"
"Chad K Porter; Ramiro L Gutierrez; Karen L Kotloff","Clinical endpoints for efficacy studies.","Vaccine",2020,"Well-established, validated and clinically meaningful primary and secondary endpoints are critical in advancing vaccines through proof of principal studies, licensure and pre-qualification. To that end, the field of vaccine development for Shigella, enterotoxigenic Escherichia coli (ETEC) as well as other enteric pathogens would benefit greatly from a focused review of clinical endpoints and the use of common endpoints across the field to enable study-to-study comparisons as well as comparative assessments between vaccine candidates. A workshop was conducted to review clinical endpoints from controlled human challenge studies, field studies in naïve adult travelers and pediatric studies in low-middle income countries and to develop a consensus on clinical endpoints for future vaccine trials. Following sequential presentations on different study designs (CHIM, travelers' efficacy and pediatric efficacy), workshop participants broke into three simultaneous workgroups focused on those study designs to discuss a number of topics key to clinical endpoints specific to each study design. Previously utilized endpoints were reviewed with an eye towards potentially novel endpoints for future studies and consideration of the disease parameters and spectrum of disease targeted for prevention. The strength of support among workshop participants for the use of various endpoints is summarized as are recommendations for additional endpoints to be considered in future studies. It is anticipated that this report will facilitate endpoint determination in future efficacy trials of vaccine candidates.","CHIM; Controlled human infection model; Diarrheal diseases; ETEC; Efficacy; Endpoints; Enterotoxigenic E. coli; Shigella; Travelers' diarrhea; Vaccine","10.1016/j.vaccine.2019.03.051"
"Heather Ingold; Ombeni Mwerinde; Anna Laura Ross; Ross Leach; Elizabeth L Corbett; Karin Hatzold; Cheryl C Johnson; Getrude Ncube; Rose Nyirenda; Rachel C Baggaley","The Self-Testing AfRica (STAR) Initiative: accelerating global access and scale-up of HIV self-testing.","Journal of the International AIDS Society",2020,"HIV self-testing (HIVST) was first proposed as an additional option to standard HIV testing services in the 1980s. By 2015, two years after the first HIVST kit was approved for the American market and the year in which Unitaid invested in the ""HIV Self-Testing AfRica (STAR) Initiative,"" HIVST remained unexplored with negligible access in low- and middle-income countries (LMIC). However, rapid progress had been made. This commentary outlines the interlinked market, regulatory and policy barriers that had inhibited product development and kept HIVST out of LMIC policy. We detail the components of STAR that enabled rapid HIVST scale-up, including critical investments in implementation, research, market forecasting, and engagement with manufacturers and regulators. The STAR Initiative has generated crucial information about how to distribute HIVST products effectively, ethically and efficiently. Service delivery models range from clinic-based distribution to workplace and partner-delivered approaches to reach first-time male testers, to community outreach to sex workers and general population ""hotspots."" These data directly informed supportive policy, notably the 2016 WHO guidelines strongly recommending HIVST as an additional testing approach, and regulatory change through support for WHO prequalification of the first HIVST kit in 2017. In July 2015, only two countries had national HIVST policies and were implementing HIVST. Three years later, 59 countries have policies, actively implemented in 28, with an additional 53 countries reporting policies under development. By end-November 2018 several quality-assured HIVST products had been registered, including two WHO prequalified tests. STAR Initiative countries have drafted regulations governing in vitro diagnostics, including HIVST products. With enabling policies, pre-qualification and regulations in place, donor procurement of kits has increased rapidly, to a forecasted estimate of 16 million HIVST kits procured by 2020. The STAR Initiative provided a strong foundation to introduce HIVST in LMICs and allow for rapid scale-up based on the wealth of multi-country evidence gathered. Together with sustained coordination and acceleration of market development work, HIVST can help address the testing gap and provide a focused and cost-effective means to expand access to treatment and prevention services.","HIV self-testing; HIV testing; cost effectiveness; linkage to care; market shaping; prevention; scale-up","10.1002/jia2.25249"
"Emmanuel Kingsford Owusu; Albert P C Chan; Ming Shan; Erika Pärn","An Empirical Study on Construction Process Corruption Susceptibility: A Vignette of International Expertise.","Science and engineering ethics",2021,"Construction process stages are argued to be vulnerable to the prevalence of corrupt practices. However, the validity of this argument has not been empirically explored in the extant literature of construction management. Therefore, this study examines the stages of the construction process susceptibility to corruption and its most prominent forms of corrupt activities (within the respective stages). A total of forty-four project-related professionals were involved in an expert survey to assess such susceptibilities and the criticality of the identified corrupt activities at each stage. A comparative study of expert views from developing regions against experts from developed regions is conducted. Expert scoring results revealed that three stages are most susceptible, namely: project execution, pre-qualification and tender stages. Such results were confirmed by application of the Mann-Whitney U test statistics tool, showing wide disparities in seven out of eleven identical stages. This study is intended to incite polemic discussions and greater empirical, evidence-based research from scholars in both developed and developing countries. This study adds to the extant literature corruption-related works on the construction process through deeper understanding of the dynamic nature of corrupt practices involved in the stages of the construction process in developing countries. Practically, it intends to offer a veritable plethora of information on the critical stages of the construction process for industry practitioners, policymakers and anti-corruption bodies to careen their attention towards the fight against corruption.","Construction management; Corruption; International survey; Susceptibility","10.1007/s11948-019-00083-6"
"Kathleen M Neuzil; Andrew J Pollard; Anthony A Marfin","Introduction of Typhoid Conjugate Vaccines in Africa and Asia.","Clinical infectious diseases : an official publication of the Infectious Diseases Society of America",2020,"Typhoid fever continues to be a major public health concern, particularly in many low- and middle-income countries. The current threats of increasing antimicrobial resistance, urbanization, and climate change elevate the urgency for better prevention and control efforts for typhoid fever. In 2017, the results of ground-breaking research on typhoid conjugate vaccines (TCVs), the World Health Organization prequalification of a TCV, and global policy and financing decisions have set the stage for the introduction of TCVs into routine immunization programs in endemic countries. Country-level decision-making and program planning are critical for local uptake and sustainability.","Africa; Asia; TyVAC; typhoid; vaccine","10.1093/cid/ciy878"
"Annelies Van Den Heuvel; Hilde Smet; Irena Prat; Anita Sands; Willy Urassa; Katrien Fransen; Tania Crucitti","Laboratory evaluation of four HIV/syphilis rapid diagnostic tests.","BMC infectious diseases",2019,"Sexually transmitted infections, such as HIV and syphilis, are one of the major health care problems worldwide, especially in low- and middle income countries. HIV screening programmes have been widely used for many years. The introduction of rapid point-of-care tests (RDTs) that can detect both HIV and syphilis, using one single blood specimen, would be a promising tool to integrate the detection of syphilis into HIV programmes and so improve the accessibility of syphilis testing and treatment. As part of the World Health Organization pre-qualification of in vitro diagnostics assessment, the laboratory performance of four dual HIV-Syphilis rapid diagnostic tests (SD Bioline HIV/Syphilis Duo, DPP HIV-Syphilis Assay, Multiplo Rapid TP/HIV Antibody Test and Insti Multiplex HIV-1/HIV-2/Syphilis Antibody Test) was assessed using a well characterized multiregional panel of stored sera specimens. In total 400 specimens were tested with each assay, resulting in excellent sensitivities and specificities for HIV, ranging from 99.5 to 100% and from 93.5 to 99.5%, respectively. Results obtained for the Treponema pallidum antibodies were lower, with the lowest sensitivity of 73.5% for Multiplo and the highest of 87% for SD Bioline. Specificities ranged from 99.0 to 100%. Although these results suggest that the tests could further improve in accuracy in detection of treponemal antibodies, their introduction into screening programmes to increase the accessibility of HIV/Syphilis diagnosis and treatment for difficult to reach populations in the world is promising.","","10.1186/s12879-018-3567-x"
"Alfredo Garcia Arieta; Craig Simon; Gustavo Mendes Lima Santos; Iván Omar Calderón Lojero; Zulema Rodríguez Martínez; Clare Rodrigues; Sang Aeh Park; Ji Myoung Kim; Ryosuke Kuribayashi; Yusuke Okada; Arno Nolting; Chantal Pfäffli; Wen-Yi Hung; Christopher Crane; April C Braddy; Joy Van Oudtshoorn; Diego Gutierrez Triana; Mitch Clarke","A Survey of the Regulatory Requirements for the Acceptance of Foreign Comparator Products by Participating Regulators and Organizations of the International Generic Drug Regulators Programme.","Journal of pharmacy & pharmaceutical sciences : a publication of the Canadian Society for Pharmaceutical Sciences, Societe canadienne des sciences pharmaceutiques",2020,"The acceptance of foreign comparator products is the most limiting factor for the development and regulatory assessment of generic medicines marketed globally. Bioequivalence studies have to be repeated with the local comparator products of each jurisdiction because it is unknown if the comparators of the different countries are the same product, with the consequent duplication of efforts by regulators and industry alike. The regulatory requirements on the acceptability of foreign comparator products of oral dosage forms differ between countries participating in the Bioequivalence Working Group for Generics of the International Pharmaceutical Regulators Programme. Brazil, Colombia, the European Union member States, Japan, Mexico, South Korea and the United States only accept bioequivalence studies with their local comparator. In contrast, Australia, Canada, New Zealand, Singapore, South Africa, Switzerland and Taiwan accept studies with foreign comparators under certain conditions. Canada limits its use to highly soluble drugs with a wide therapeutic range in immediate release products. Australia requires a comparison of the quantitative composition. In contrast, there are fewer restrictions on the acceptance of foreign comparators in New Zealand, Singapore, South Africa, Switzerland and Taiwan. For the WHO Prequalification of Medicines and for developing generics of the essential medicines the WHO lists comparators from different countries. In conclusion, there is currently no consensus amongst regulators on the acceptability of foreign comparator products.","","10.18433/jpps30215"
"Malcolm MacLachlan; Joanne McVeigh; Michael Cooke; Delia Ferri; Catherine Holloway; Victoria Austin; Dena Javadi","Intersections Between Systems Thinking and Market Shaping for Assistive Technology: The SMART (Systems-Market for Assistive and Related Technologies) Thinking Matrix.","International journal of environmental research and public health",2019,"The Sustainable Development Goals (SDGs) aspire to ""leave no-one behind"". Universal access to assistive products is a critical link between the realization of the SDGs and those most likely to be left behind. However, assistive technology provision in many countries, particularly low- and middle-income countries, has traditionally been conducted through small-scale local providers, manufacturing products of varying degrees of quality at a limited price range. An effective way to scale these production and provision enterprises to the required level is needed to close the gap between available and required assistive technology. We argue that better access to assistive technology will only be realized through the adoption of a far stronger systems thinking and market shaping approach. We undertook a rapid literature review to explore the relationship between market shaping and assistive technology. Based on our review, we present an emergent framework for conceptualizing intersections between systems thinking and market shaping for assistive technology-the SMART (Systems-Market for Assistive and Related Technologies) Thinking Matrix.","assistive products; assistive technology; low- and middle-income countries; market shaping; resource poor settings; systems thinking","10.3390/ijerph15122627"
"Mikel Andoni Arriola Peñalosa; Ricardo Cavazos Cepeda; Mario Alanis Garza; Murray M Lumpkin","Optimized Medical Product Regulation in Mexico: A Win-Win for Public and Economic Health.","Therapeutic innovation & regulatory science",2020,"Medicines regulators, while performing a vital public health activity, are often perceived as both negative cost centers for governments and as impediments to innovation and economic development. The Mexican government recently undertook a regulatory optimization program focused on transforming the Mexican medicines regulatory pathway into one that is efficient, value-added, aligned with international norms, resource accountable, and one that protects and promotes public health, while also facilitating economic development. To facilitate the implementation of a new national access to medicines policy, the national government and the Mexican medicines regulatory agency instituted a multifaceted series of regulatory and legal reforms, which are described in this paper. These reforms encompassed multiple aspects of the regulatory oversight of medicines: administrative processes, clinical trials oversight, reliance on market authorization information and reports (ie, ""work products"") of other trusted regulators, and validation of activities by both Pan American Health Organization (PAHO) and WHO. These reforms have resulted in a marked positive impact on the availability of safe, effective, quality medicines at lower costs for Mexicans, both in the private and public sectors, while simultaneously facilitating expansion of the Mexican pharmaceutical industry. The regulatory optimization approach undertaken by Mexico could be a useful model for other countries that are trying to provide appropriate public health protection to their citizens, facilitate access to needed quality medicines, and encourage local economic development.","Mexico; medicines regulation; public health and economic impact of regulatory systems; reform of medical regulatory systems; regulatory reliance","10.1177/2168479017701503"
"Sonia Pagliusi; Maureen Dennehy; Hun Kim; DCVMN AGM Organizing Committee","Vaccines, inspiring innovation in health.","Vaccine",2019,"This report covers the topics of pandemics, epidemics and partnerships, including regulatory convergence initiatives, new technologies and novel vaccines, discussed by leading public and private sector stakeholders at the 18th Annual General Meeting (AGM) of the Developing Countries Vaccine Manufacturers' Network (DCVMN). Contributions of Gavi and the vaccine industry from emerging countries to the growing global vaccine market, by improving the supply base from manufacturers in developing countries and contributing to 58% of doses, were highlighted. The Coalition for Epidemic Preparedness Innovations (CEPI), the International Vaccine Institute (IVI) and others reported on new strategies to ensure speedy progress in preclinical and clinical development of innovative vaccines for future MERS, Zika or other outbreak response. Priorities for vaccine stockpiling, to assure readiness during emergencies and to prevent outbreaks due to re-emerging diseases such as yellow fever, cholera and poliomyelitis, were outlined. The role of partnerships in improving global vaccine access, procurement and immunization coverage, and shared concerns were reviewed. The World Health Organization (WHO) and other international collaborating partners provided updates on the Product, Price and Procurement database, the prequalification of vaccines, the control of neglected tropical diseases, particularly the new rabies elimination initiative, and regulatory convergence proposals to accelerate vaccine registration in developing countries. Updates on supply chain innovations and novel vaccine platforms were presented. The discussions enabled members and partners to reflect on efficiency of research & development, supply chain tools and trends in packaging technologies improving delivery of existing vaccines, and allowing a deeper understanding of the current public-health objectives, industry financing, and global policies, required to ensure optimal investments, alignment and stability of vaccine supply in developing countries.","Developing countries; Epidemic; Procurement; Stockpiling; Technology; Vaccine manufacturing","10.1016/j.vaccine.2018.05.035"
"Pitchaya P Indravudh; Augustine T Choko; Elizabeth L Corbett","Scaling up HIV self-testing in sub-Saharan Africa: a review of technology, policy and evidence.","Current opinion in infectious diseases",2019,"HIV self-testing (HIVST) can provide complementary coverage to existing HIV testing services and improve knowledge of status among HIV-infected individuals. This review summarizes the current technology, policy and evidence landscape in sub-Saharan Africa and priorities within a rapidly evolving field. HIVST is moving towards scaled implementation, with the release of WHO guidelines, WHO prequalification of the first HIVST product, price reductions of HIVST products and a growing product pipeline. Multicountry evidence from southern and eastern Africa confirms high feasibility, acceptability and accuracy across many delivery models and populations, with minimal harms. Evidence on the effectiveness of HIVST on increased testing coverage is strong, while evidence on demand generation for follow-on HIV prevention and treatment services and cost-effective delivery is emerging. Despite these developments, HIVST delivery remains limited outside of pilot implementation. Important technology gaps include increasing availability of more sensitive HIVST products in low and middle-income countries. Regulatory and postmarket surveillance systems for HIVST also require further development. Randomized trials evaluating the effectiveness and cost-effectiveness under multiple distribution models, including unrestricted delivery and with a focus on linkage to HIV prevention and treatment, remain priorities. Diversification of studies from west and central Africa and around blood-based products should be addressed.","","10.1097/QCO.0000000000000426"
"Sébastien Morin; Nelli Bazarova; Philippe Jacon; Stefano Vella","The Manufacturers' Perspective on World Health Organization Prequalification of In Vitro Diagnostics.","Clinical infectious diseases : an official publication of the Infectious Diseases Society of America",2019,"In vitro diagnostic devices (IVDs) help clinicians determine specific conditions, monitor therapeutic efficacy, and prevent drug resistance development. While stringent regulatory authorities (SRAs) regulate IVDs in most high-income countries, regulatory authorities in many low- and middle-income countries (LMICs) are nonexistent or do not enforce rigorous standards. In 2010, the World Health Organization established its Prequalification of In Vitro Diagnostics (PQDx) program to ensure ""access to safe, appropriate and affordable"" IVDs, especially in LMICs with little or no domestic regulatory frameworks, thereby reaching underserved populations. However, challenges in PQDx policies and procedures include an overloaded pipeline, timelines not publicly available, confusion about which products PQDx focuses on, perceived burden for documenting changes to prequalified products, overlap with SRA approvals, and uncertainty around long-term financing. PQDx can maximize its impact by considering the perspective of IVD manufacturers; similarly, IVD manufacturers should exercise adequate quality control over their submissions and associated processes.","World Health Organization; in vitro diagnostics; low- and middle-income countries; prequalification; regulatory environment","10.1093/cid/cix719"
"Stanley Plotkin; James M Robinson; Gerard Cunningham; Robyn Iqbal; Shannon Larsen","The complexity and cost of vaccine manufacturing - An overview.","Vaccine",2018,"As companies, countries, and governments consider investments in vaccine production for routine immunization and outbreak response, understanding the complexity and cost drivers associated with vaccine production will help to inform business decisions. Leading multinational corporations have good understanding of the complex manufacturing processes, high technological and R&D barriers to entry, and the costs associated with vaccine production. However, decision makers in developing countries, donors and investors may not be aware of the factors that continue to limit the number of new manufacturers and have caused attrition and consolidation among existing manufacturers. This paper describes the processes and cost drivers in acquiring and maintaining licensure of childhood vaccines. In addition, when export is the goal, we describe the requirements to supply those vaccines at affordable prices to low-resource markets, including the process of World Health Organization (WHO) prequalification and supporting policy recommendation. By providing a generalized and consolidated view of these requirements we seek to build awareness in the global community of the benefits and costs associated with vaccine manufacturing and the challenges associated with maintaining consistent supply. We show that while vaccine manufacture may prima facie seem an economic growth opportunity, the complexity and high fixed costs of vaccine manufacturing limit potential profit. Further, for most lower and middle income countries a large majority of the equipment, personnel and consumables will need to be imported for years, further limiting benefits to the local economy.","Gavi; Licensure; Manufacturing; Manufacturing costs; Quality; UNICEF; Vaccines; WHO, Prequalification","10.1016/j.vaccine.2017.06.003"
"Vittal Mogasale; Enusa Ramani; Il Yeon Park; Jung Seok Lee","A forecast of typhoid conjugate vaccine introduction and demand in typhoid endemic low- and middle-income countries to support vaccine introduction policy and decisions.","Human vaccines & immunotherapeutics",2018,"A Typhoid Conjugate Vaccine (TCV) is expected to acquire WHO prequalification soon, which will pave the way for its use in many low- and middle-income countries where typhoid fever is endemic. Thus it is critical to forecast future vaccine demand to ensure supply meets demand, and to facilitate vaccine policy and introduction planning. We forecasted introduction dates for countries based on specific criteria and estimated vaccine demand by year for defined vaccination strategies in 2 scenarios: rapid vaccine introduction and slow vaccine introduction. In the rapid introduction scenario, we forecasted 17 countries and India introducing TCV in the first 5 y of the vaccine's availability while in the slow introduction scenario we forecasted 4 countries and India introducing TCV in the same time period. If the vaccine is targeting infants in high-risk populations as a routine single dose, the vaccine demand peaks around 40 million doses per year under the rapid introduction scenario. Similarly, if the vaccine is targeting infants in the general population as a routine single dose, the vaccine demand increases to 160 million doses per year under the rapid introduction scenario. The demand forecast projected here is an upper bound estimate of vaccine demand, where actual demand depends on various factors such as country priorities, actual vaccine introduction, vaccination strategies, Gavi financing, costs, and overall product profile. Considering the potential role of TCV in typhoid control globally; manufacturers, policymakers, donors and financing bodies should work together to ensure vaccine access through sufficient production capacity, early WHO prequalification of the vaccine, continued Gavi financing and supportive policy.","Typhoid conjugate vaccine; demand forecast; vaccine introduction","10.1080/21645515.2017.1333681"
"Birgitte K Giersing; Anna-Lea Kahn; Courtney Jarrahian; Mercy Mvundura; Carmen Rodriguez; Hiromasa Okayasu; Darin Zehrung","Challenges of vaccine presentation and delivery: How can we design vaccines to have optimal programmatic impact?","Vaccine",2018,"Immunization program delivery strategies that enable high vaccine coverage, particularly in inaccessible and remote areas, are critical to achieving optimal vaccine impact. In addition to demonstration of safety and efficacy, there are many factors that influence whether a newly licensed vaccine will be introduced into a country's national immunization program, particularly in resource-constrained environments. This paper describes three case studies of novel approaches that represent the potential for improved programmatic impact by increasing vaccine accessibility in different ways. However, the pathway to regulatory approval, policy recommendation, and program introduction in low- and middle-income countries is complex, requiring engagement with multiple, diverse stakeholders. Consideration of aspects that affect uptake in low- and middle-income countries, during the product development stage, will help better position new or second-generation vaccine products for successful implementation to achieve public health impact.","Delivery technologies; Low- and middle-income countries; Prequalification; Product development; Programmatic suitability; Vaccine","10.1016/j.vaccine.2017.04.063"
"Melissa L Mugambi; Kara M Palamountain; Jim Gallarda; Paul K Drain","Exploring the Case for a Global Alliance for Medical Diagnostics Initiative.","Diagnostics (Basel, Switzerland)",2023,"In recent years, the private and public sectors have increased investments in medical diagnostics for low- and middle-income countries (LMICs). Despite these investments, numerous barriers prevent the adoption of existing diagnostics and discourage the development and introduction of new diagnostics in LMICs. In the late 1990s, the global vaccine community had similar challenges, as vaccine coverage rates stagnated and the introduction of new vaccines was viewed as a distraction to delivering existing vaccines. To address these challenges, the international community came together and formed the Global Alliance for Vaccines Initiative (GAVI). Sixteen years after the formation of GAVI, we see evidence of a healthier global vaccine landscape. We discuss how GAVI's four guiding principles (product, health systems strengthening, financing and market shaping) might apply to the advancement of medical diagnostics in LMICs. We present arguments for the international community and existing organizations to establish a Global Alliance for Medical Diagnostics Initiative (GAMDI).","alliance; global health; low- and middle-income countries; point-of-care diagnostics","10.3390/diagnostics7010008"
"Vincent Ahonkhai; Samuel F Martins; Alexandre Portet; Murray Lumpkin; Dan Hartman","Speeding Access to Vaccines and Medicines in Low- and Middle-Income Countries: A Case for Change and a Framework for Optimized Product Market Authorization.","PloS one",2017,"The United Nations Millennium Development Goals galvanized global efforts to alleviate suffering of the world's poorest people through unprecedented public-private partnerships. Donor aid agencies have demonstrably saved millions of lives that might otherwise have been lost to disease through increased access to quality-assured vaccines and medicines. Yet, the introduction of these health interventions in low- and middle-income countries (LMICs) continues to face a time lag due to factors which remain poorly understood. A recurring theme from our partnership engagements was that an optimized regulatory process would contribute to improved access to quality health products. Therefore, we investigated the current system for medicine and vaccine registration in LMICs as part of our comprehensive regulatory strategy. Here, we report a fact base of the registration timelines for vaccines and drugs used to treat certain communicable diseases in LMICs. We worked with a broad set of stakeholders, including the World Health Organization's prequalification team, national regulatory authorities, manufacturers, procurers, and other experts, and collected data on the timelines between first submission and last approval of applications for product registration sub-Saharan Africa. We focused on countries with the highest burden of communicable disease and the greatest need for the products studied. The data showed a typical lag of 4 to 7 years between the first regulatory submission which was usually to a regulatory agency in a high-income country, and the final approval in Sub-Saharan Africa. Two of the three typical registration steps which products undergo before delivery in the countries involve lengthy timelines. Failure to leverage or rely on the findings from reviews already performed by competent regulatory authorities, disparate requirements for product approval by the countries, and lengthy timelines by manufacturers to respond to regulatory queries were key underlying factors for the delays. We propose a series of measures which we developed in close collaboration with key stakeholders that could be taken to reduce registration time and to make safe, effective medicines more quickly available in countries where they are most needed. Many of these recommendations are being implemented by the responsible stakeholders, including the WHO prequalification team and the national regulatory authorities in Sub-Saharan Africa. Those efforts will be the focus of subsequent publications by the pertinent groups.","","10.1371/journal.pone.0166515"
"Sachin N Desai; Lorenzo Pezzoli; Kathryn P Alberti; Stephen Martin; Alejandro Costa; William Perea; Dominique Legros","Achievements and challenges for the use of killed oral cholera vaccines in the global stockpile era.","Human vaccines & immunotherapeutics",2017,"Cholera remains an important but neglected public health threat, affecting the health of the poorest populations and imposing substantial costs on public health systems. Cholera can be eliminated where access to clean water, sanitation, and satisfactory hygiene practices are sustained, but major improvements in infrastructure continue to be a distant goal. New developments and trends of cholera disease burden, the creation of affordable oral cholera vaccines (OCVs) for use in developing countries, as well as recent evidence of vaccination impact has created an increased demand for cholera vaccines. The global OCV stockpile was established in 2013 and with support from Gavi, has assisted in achieving rapid access to vaccine in emergencies. Recent WHO prequalification of a second affordable OCV supports the stockpile goals of increased availability and distribution to affected populations. It serves as an essential step toward an integrated cholera control and prevention strategy in emergency and endemic settings.","Vibrio cholerae; cholera vaccine; global landscape; vaccine stockpile","10.1080/21645515.2016.1245250"
"Naveen Thacker; Deep Thacker; Ashish Pathak","Role of Global Alliance for Vaccines and Immunization (GAVI) in Accelerating Inactivated Polio Vaccine Introduction.","Indian pediatrics",2017,"Global Alliance for Vaccines and Immunization (GAVI, the Vaccine Alliance) is an international organization built through public-private partnership. GAVI has supported more than 200 vaccine introductions in the last 5 years by financing major proportion of costs of vaccine to 73 low-income countries using a co-financing model. GAVI has worked in close co-ordination with Global Polio Eradication Initiative (GPEI) since 2013, to strengthen health systems in countries so as to accelerate introduction of inactivated polio vaccine (IPV). GAVI is involved in many IPV related issues like demand generation, supply, market shaping, communications, country readiness etc. Most of the 73 GAVI eligible countries are also high priority countries for GPEI. GAVI support has helped India to accelerate introduction of IPV in all its states. However, GAVI faces challenges in IPV supply-related issues in the near future. It also needs to play a key role in global polio legacy planning and implementation.","","27771641"
"Anagha Loharikar; Laure Dumolard; Susan Chu; Terri Hyde; Tracey Goodman; Carsten Mantel","Status of New Vaccine Introduction - Worldwide, September 2016.","MMWR. Morbidity and mortality weekly report",2017,"Since the global Expanded Program on Immunization (EPI) was launched in 1974, vaccination against six diseases (tuberculosis, polio, diphtheria, tetanus, pertussis, and measles) has prevented millions of deaths and disabilities (1). Significant advances have been made in the development and introduction of vaccines, and licensed vaccines are now available to prevent 25 diseases (2,3). Historically, new vaccines only became available in low-income and middle-income countries decades after being introduced in high-income countries. However, with the support of global partners, including the World Health Organization (WHO) and the United Nations Children's Fund, which assist with vaccine prequalification and procurement, as well as Gavi, the Vaccine Alliance (Gavi) (4), which provides funding and shapes vaccine markets through forecasting and assurances of demand in low-income countries in exchange for lower vaccine prices, vaccines are now introduced more rapidly. Based on data compiled in the WHO Immunization Vaccines and Biologicals Database* (5), this report describes the current status of introduction of Haemophilus influenzae type b (Hib), hepatitis B, pneumococcal conjugate, rotavirus, human papillomavirus, and rubella vaccines, and the second dose of measles vaccine. As of September 2016, a total of 191 (99%) of 194 WHO member countries had introduced Hib vaccine, 190 (98%) had introduced hepatitis B vaccine, 132 (68%) had introduced pneumococcal conjugate vaccine (PCV), and 86 (44%) had introduced rotavirus vaccine into infant vaccination schedules. Human papillomavirus vaccine (HPV) had been introduced in 67 (35%) countries, primarily targeted for routine use in adolescent girls. A second dose of measles-containing vaccine (MCV2) had been introduced in 161 (83%) countries, and rubella vaccine had been introduced in 149 (77%). These efforts support the commitment outlined in the Global Vaccine Action Plan (GVAP), 2011-2020 (2), endorsed by the World Health Assembly in 2012, to extend the full benefits of immunization to all persons.","","10.15585/mmwr.mm6541a3"
"Laszlo Palkonyay; Hiba Fatima","A decade of adaptation: Regulatory contributions of the World Health Organization to the Global Action Plan for Influenza Vaccines (2006-2016).","Vaccine",2017,"The Global Action Plan (GAP) for Influenza Vaccines is a decade-long initiative that brings together a diverse range of stakeholders to work towards reducing anticipated global shortage of influenza vaccines and ensuring more equitable access to vaccines during the next influenza pandemic. Since its inception in 2006, significant progress has been made towards all the main objectives of GAP, namely: (1) an increase in seasonal vaccine use, (2) an increase in vaccine production, and (3) progress in research and development of more effective vaccines. The Technology Transfer Initiative (TTI), conceived and managed by WHO under the GAP, contributed to increasing regional influenza vaccine production capacity. This was achieved by facilitating technology transfer in 14 low- and middle-income countries, through grants to manufacturers to establish or strengthen influenza vaccine production capacity and support to their national regulatory authorities. Five of the countries subsequently licensed locally produced influenza vaccines; two pandemic and three seasonal vaccines received WHO prequalification. The success of GAP can be largely attributed to the regulatory support provided by WHO to both manufacturers and regulators. This support had two components: (1) direct regulatory support to GAP/TTI, and (2) support to GAP-related WHO programmes, such as the Pandemic Influenza Vaccine Deployment Initiative in 2010 and the Pandemic Influenza Preparedness Framework since 2013, especially in non-vaccine-producing countries. Temporary adaptation of the assessment process for influenza vaccines in the WHO Vaccine Prequalification Programme to the A(H1N1) pandemic situation in 2009 was instrumental to the success of the WHO Pandemic Influenza Vaccine Deployment Initiative in its attempt to meet the demand for pandemic vaccines in countries that received donated vaccines.","Influenza; Pandemic vaccine; Regulatory support; Technology transfer; Vaccine manufacturing; Vaccine regulation; Vaccine supply; WHO","10.1016/j.vaccine.2016.07.025"
"Nora Dellepiane; Bartholomew Dicky Akanmori; Sunil Gairola; Suresh S Jadhav; Cathy Parker; Carmen Rodriguez; Swati Srivastava","Regulatory Pathways That Facilitated Timely Registration of a New Group A Meningococcal Conjugate Vaccine for Africa's Meningitis Belt Countries.","Clinical infectious diseases : an official publication of the Infectious Diseases Society of America",2016,"Through its normative and public health leadership roles, the World Health Organization (WHO) plays a key role in the availability of vaccine products in low-and middle-income countries. The recent introduction of a new group A meningococcal conjugate vaccine, PsA-TT (MenAfriVac), in Africa exemplifies this process. WHO requires that any new vaccine to be introduced in countries for public health reasons and supplied through United Nations centralized mechanisms be licensed by the national regulatory agency (NRA) in the producing country, then prequalified and given a marketing authorization in the user countries. PsA-TT was manufactured by the Serum Institute of India, Ltd (SIIL), which submitted a license application in April 2009 to the Drug Controller General of India (DCGI), the Indian NRA responsible for licensing vaccines. WHO encouraged the DCGI to establish a collaboration with Health Canada's Centre for Vaccine Evaluation for the review. Through this collaborative effort, registration was facilitated and in December 2009 an export license was granted to SIIL, which subsequently submitted an application for WHO prequalification. Given the importance of the vaccine, WHO ""fast tracked"" the prequalification review, and after a detailed review and site visit, WHO prequalification was granted to PsA-TT in June 2010. Country use of the new vaccine could not occur until the vaccine was a registered product in each country seeking its use. WHO facilitated country reviews by conducting regulatory training exercises (in French and English) for country NRA staff, which used the PsA-TT registration as a case study. PsA-TT was gradually registered in African countries as vaccine introduction proceeded. The regulatory pathway for this new group A meningococcal conjugate vaccine proved to be a useful training opportunity both in India and Africa, because the availability of the vaccine was a high African public health priority, as well as for WHO as a case study to facilitate registration of vaccines based on reliance on other regulatory bodies.","fast-track procedure; low- and middle-income countries; market authorization; national regulatory authorities; prequalification","10.1093/cid/civ491"
"Jude Nwokike; Lassane Kabore; Andy Stergachis","Actions of the National Regulatory Authorities in 10 Low- and Middle-Income Countries Following Stringent Regulatory Authority Safety Alerts on Rosiglitazone.","Therapeutic innovation & regulatory science",2020,"On September 23, 2010, the US Food and Drug Administration and the European Medicines Agency issued safety alerts for medicines containing rosiglitazone. The authors monitored the actions of national regulatory authorities (NRAs) from 10 low- and middle-income countries to identify the time lag between the issuance of safety alerts by these two stringent regulatory authorities and any actions by these select NRAs. Two NRAs outside Africa took regulatory actions related to safety of rosiglitazone within 2 weeks of stringent regulatory authority safety alerts. For the 7 of the 8 African NRAs where the authors could confirm the date of regulatory action, the median time lag before some regulatory action was 43 days, although there was considerable variability in time to regulatory action. Low- and middle-income countries should create or strengthen systems for timely consideration and management of emerging safety issues for products that they have registered.","Africa; Asia; FDA; drug safety; pharmacovigilance; rosiglitazone","10.1177/2168479014551644"
"Miao Xu; Zhenglun Liang; Yinghua Xu; Junzhi Wang","Chinese vaccine products go global: vaccine development and quality control.","Expert review of vaccines",2015,"Through the continuous efforts of several generations, China has become one of the few countries in the world that is capable of independently addressing all the requirements by the Expanded Program on Immunization. Regulatory science is applied to continuously improve the vaccine regulatory system. Passing the prequalification by WHO has allowed Chinese vaccine products to go global. Chinese vaccine products not only secure disease prevention and control domestically but also serve the needs for international public health. This article describes the history of Chinese vaccine development, the current situation of Chinese vaccine industry and its contribution to the prevention and control of infectious diseases. We also share our experience of national quality control and vaccine regulation during the past decades. China's experience in vaccine development and quality control can benefit other countries and regions worldwide, including the developing countries.","China; WHO prequalification; infectious diseases; quality control; regulatory science; vaccine","10.1586/14760584.2015.1012503"
"Joep M A Lange; Jintanat Ananworanich","The discovery and development of antiretroviral agents.","Antiviral therapy",2015,"Since the discovery of HIV as the causative agent of AIDS in 1983/1984, remarkable progress has been made in finding antiretroviral drugs (ARVs) that are effective against it. A major breakthrough occurred in 1996 when it was found that triple drug therapy (HAART) could durably suppress viral replication to minimal levels. It was then widely felt, however, that HAART was too expensive and complex for low- and middle-income countries, and so, with the exception of a few of these countries, such as Brazil, a massive scale-up did not begin until the WHO launched its '3 by 5' initiative and sizeable funding mechanisms, such as the Global Fund to Fight AIDS, TB and Malaria and the US President's Emergency Plan for AIDS Relief (PEPFAR), came into existence. A pivotal enabler of the scale-up was a steady lowering of drug prices through entry of generic antiretrovirals, competition between generic manufacturers and the making of volume commitments. The WHO Prequalification of Medicines Programme and the Expedited Review Provision of the US Food and Drug Administration have been important for the assurance of quality standards. Antiretroviral drug development by research-based pharmaceutical companies continues, with several important innovative products, such as long-acting agents, in the pipeline.","","10.3851/IMP2896"
"S Camara; D Zucman; M Vasse; A Goudjo; E Guillard; G Peytavin","[Lack of bioavailability of generic lopinavir/ritonavir not prequalified by WHO marketed in Africa (Congo Brazzaville)].","Bulletin de la Societe de pathologie exotique (1990)",2016,"Although second-line generic antiretroviral drugs are of great value in developing countries there are concerns regarding their quality and safety. This study is a case report and pharmacological study in healthy volunteers. A French subject of sub-saharan origin who visited Republic of Congo received a post-exposure treatment with AZT+3TC and LPV/r (200/50 mg, Arga-L®, India) following unprotected sexual intercourse. Two days later, in France, tests showed that plasma concentrations of lopinavir and ritonavir were undetectable. The WHO prequalification list showed Arga-L® was not prequalified. A pharmacological study in healthy volunteers evaluated oral bioavailability: plasma concentrations of generic LPV/r Arga-L® and LPV/r Kaletra® (400/100 mg) were measured after one single dose at 7 days apart in four healthy volunteers. Concentrations of Arga-L® at 12 h after intake were considerably lower than those of Kaletra®, revealing very low oral bioavailability of generic lopinavir and ritonavir (<10%) compared to the brand-name drug. We found that Arga-L®, despite having adequate qualitative and quantitative drug contents, had very poor bio availability compared to Kaletra®. In order to avoid the selection and the spread of drug-resistant HIV strains, rigorous pharmacological monitoring of generic antiretroviral drugs that are not pre-qualified by WHO, but are marketed in Africa, must be a priority for health authorities.","Bio-equivalence; Congo Brazzaville; Developing countries; France; Generic Drugs; HIV; Hospital; Pharmacokinetic Studies; Ritonavir; Sub-Saharan Africa; WHO; lopinavir","10.1007/s13149-014-0389-y"
"Ellen F M 't Hoen; Hans V Hogerzeil; Jonathan D Quick; Hiiti B Sillo","A quiet revolution in global public health: The World Health Organization's Prequalification of Medicines Programme.","Journal of public health policy",2015,"Problems with the quality of medicines abound in countries where regulatory and legal oversight are weak, where medicines are unaffordable to most, and where the official supply often fails to reach patients. Quality is important to ensure effective treatment, to maintain patient and health-care worker confidence in treatment, and to prevent the development of resistance. In 2001, the WHO established the Prequalification of Medicines Programme in response to the need to select good-quality medicines for UN procurement. Member States of the WHO had requested its assistance in assessing the quality of low-cost generic medicines that were becoming increasingly available especially in treatments for HIV/AIDS. From a public health perspective, WHO PQP's greatest achievement is improved quality of life-saving medicines used today by millions of people in developing countries. Prequalification has made it possible to believe that everyone in the world will have access to safe, effective, and affordable medicines. Yet despite its track record and recognized importance to health, funding for the programme remains uncertain.","","10.1057/jphp.2013.53"
"Joachim Y Doua; Jean-Pierre Van Geertruyden","Registering medicines for low-income countries: how suitable are the stringent review procedures of the World Health Organisation, the US Food and Drug Administration and the European Medicines Agency?","Tropical medicine & international health : TM & IH",2014,"New medicines are registered after a resource-demanding process. Unfortunately, in low-income countries (LICs), demand outweighs resources. To facilitate registration in LICs, stringent review procedures of the European Medicines Agency (EMA Article-58), Food and Drug Administration (FDA PEPFAR-linked review) and WHO Prequalification programme have been established. Only the PEPFAR-linked review gives approval, while the others make recommendations for approval. This study assessed the performance and discussed the challenges of these three stringent review procedures. Data from WHO, FDA, EMA, Medline and Internet were analysed. Over 60% of medicines reviewed by stringent review procedures are manufactured in India. Until 2012, WHO prequalified 400 medicines (211 vaccines, 130 antiretrovirals, 29 tuberculostatics, 15 antimalarials and 15 others). PEPFAR-linked review approved 156 antiretrovirals, while EMA Article 58 recommended approval of 3 antiretrovirals, 1 vaccine and 1 antimalarial. WHO Prequalification and PEPFAR-linked review are free of charge and as a result have accelerated access to antiretrovirals. They both built capacity in sub-Saharan Africa, although WHO prequalification relies technically on stringent regulatory authorities and financially on donors. Article-58 offers the largest disease coverage and strongest technical capacities, is costly and involves fewer LICs. To meet the high demand for quality medicines in LICs, these stringent review procedures need to enlarge their disease coverage. To improve registration, EMA Article 58 should actively involve LICs. Furthermore, LIC regulatory activities must not be fully resigned to stringent review procedure.","developing countries; drug approval; stringent evaluation procedure","10.1111/tmi.12201"
"L Renner; F A Nkansah; A N O Dodoo","The role of generic medicines and biosimilars in oncology in low-income countries.","Annals of oncology : official journal of the European Society for Medical Oncology",2014,"Cancer cases are rising in developing countries which are already grappling with high levels of infectious diseases including human immunodeficiency virus/acquired immunodeficiency syndrome (HIV/AIDS), tuberculosis (TB) and malaria. The United Nations (UN) including the World Health Organisation (WHO) have called on member states to establish strategies to deal with the increasing burden of non-communicable diseases, including cancer, in developing countries. The complexity of cancer care and management calls for innovative approaches in low resource settings especially since these settings are already grappling with huge challenges in healthcare including lack of funds, weak human resource base and lack of treatment guidelines. Whilst the cost of medications is by no means the only high cost in cancer care, the availability of affordable anti-cancer generic drugs and biologically similar therapeutic agents (biosimilars) will go a long way to reduce overall cost of cancer care. The high cost of anticancer medicines has been cited among the reasons whilst patients default in treatment. Non-proprietary anti-cancer agents--generics and biosimilars--often cost several times lower than their innovator branded counterparts. They can reduce the cost of care significantly and their multi-source origin often provide guarantee in supply. The use of generic and biosimilar products is hinged on the assumption that they are of assured quality and of the same pharmaceutical integrity as their innovator counterparts. The use of these products however is associated with challenges that must be understood and addressed. The quality of all generics and biosimilars should be rigorously controlled and assured. Measures to prevent counterfeit and sub-standard generics and biosimilars should be developed and the cold-chain must be maintained for all biosimilars. In addition to these, the WHO is encouraged to develop a prequalification scheme to assist countries without strong regulatory systems to procure anticancer generics and biosimilars of assured quality.","","10.1093/annonc/mdt326"
"Roger Bate; Kimberly Hess","The role of pre-shipment batch testing in ensuring good medicine quality.","MalariaWorld journal",2024,"Most donor agencies only procure drugs approved by a Stringent Regulatory Authority or the World Health Organization (WHO) Prequalification Programme in an effort to ensure high quality. However, the US President's Malaria Initiative has occasionally had to return approved drugs with quality issues to the manufacturer. This study compares the quality of artemisinin-based combination therapies (ACTs) produced by WHO-approved manufacturers with non-approved manufacturers and suggests policy changes to improve quality of donor-procured drugs. Over the past five years, covert shoppers procured 1203 samples of ACTs from private pharmacies and drug stores in 16 cities across 14 developing countries. Samples were assessed using the Global Pharma Health Fund e.V. Minilab®protocol to identify substandard, degraded or counterfeit products, and a large number of suspect products were further analysed using high-performance liquid chromatography. Out of 1203 ACTs, 684 were produced by WHO-approved manufacturers and 519 were produced by non-WHO approved manufacturers. 2.6% (18/684) of ACTs of WHO-approved manufacturers had insufficient active pharmaceutical ingredient (less than 75%), while 12.5% (65/519) of ACTs of non-approved manufacturers had too little active pharmaceutical ingredient, and were considered substandard. The results of this study suggest that ACTs produced by WHO-approved manufacturers perform nearly five times better than those of non-approved manufacturers, but some approved ACTs have too little active pharmaceutical ingredient. The US President's Malaria Initiative tests every batch of every drug it procures before distribution to recipient countries. Other donors should follow suit to ensure that drugs purchased with taxpayer dollars are of the highest quality.","","10.5281/zenodo.10997689"
"Shawn A N Gilchrist; Angeline Nanni","Lessons learned in shaping vaccine markets in low-income countries: a review of the vaccine market segment supported by the GAVI Alliance.","Health policy and planning",2015,"The Global Alliance for Vaccines and Immunization (GAVI) anticipated that growing demand for new vaccines could sufficiently impact the vaccines market to allow low-income countries (LICs) to self-finance new vaccines. But the time required to lower vaccine prices was underestimated and the amount that prices would decline overestimated. To better understand how prices in the LIC vaccine market can be impacted, the vaccine market was retrospectively examined. GAVI archives and the published literature on the vaccine markets in LICs were reviewed for the purpose of identifying GAVI's early assumptions for the evolution of vaccine prices, and contrasting these retrospectively with actual outcomes. The prices in Phases I and II of GAVI-supported vaccines failed to decline to a desirable level within a projected 5-year timeframe. GAVI-eligible countries were unable to sustain newly introduced vaccines without prolonged donor support. Two key lessons can be applied to future vaccine market-shaping strategies: (1) accurate demand forecasting together with committed donor funding can increase supply to the LIC vaccines market, but even greater strides can be made to increase the certainty of purchase; and (2) the expected time to lower prices took much longer than 5 years; market competition is inherently linked to the development time for new vaccines--a minimum of 5-10 or more years. Other factors that can lower vaccine prices include: large-scale production or alternate financing mechanisms that can hasten vaccine price maturation. The impacts of competition on vaccine prices in the LIC new-vaccines market occurred after almost 10 years. The time for research and development, acquisition of technological know-how and to scale production must be accounted for to more accurately predict significant declines on vaccine prices. Alternate financing mechanisms and the use of purchase agreements should also be considered for lowering prices when planning new vaccine introductions.","Developing country vaccine market; donor assistance policies; economics of vaccines; global immunization policy; new vaccine introduction strategies","10.1093/heapol/czs123"
"D A Schmid; A Macura-Biegun; M Rauscher","Development and introduction of a ready-to-use pediatric pentavalent vaccine to meet and sustain the needs of developing countries--Quinvaxem®: the first 5 years.","Vaccine",2013,"Quinvaxem(®) injection (DTwP-HepB-Hib fully-liquid combined vaccine) is a ready-to-use, preservative-free, fully-liquid combined vaccine containing diphtheria and tetanus toxoids, Bordetella pertussis inactivated cellular suspension, hepatitis B surface antigen (HBsAg), and Haemophilus influenzae type b conjugated oligosaccharide. The vaccine was the first ready-to-use, fully-liquid pentavalent vaccine to gain WHO pre-qualification status in 2006. The immunogenicity and safety of Quinvaxem(®) was assessed in four clinical trials and a large post-marketing surveillance study. Quinvaxem(®) was found to be highly immunogenic in each of the primary vaccination studies and was also shown to be suitable as a booster with the advantage that it could be given concomitantly with measles vaccine. Quinvaxem(®) has become a cornerstone in EPI vaccination programs. To further support the needs of EPI vaccination processes and developing countries, a simple, all-in-one, compact, prefilled, auto-disabled Uniject(®) injection system has been chosen and optimized as a potential new presentation for Quinvaxem(®). Hopefully, Quinvaxem(®) in the Uniject(®) presentation will help vaccination programs in developing countries to achieve more.","","10.1016/j.vaccine.2012.07.088"
"Roger Bate; Lorraine Mooney; Kimberly Hess; Julissa Milligan; Amir Attaran","Anti-infective medicine quality: analysis of basic product quality by approval status and country of manufacture.","Research and reports in tropical medicine",2022,"Some medicines for sale in developing countries are approved by a stringent regulatory authority (SRA) or the World Health Organization (WHO) prequalification program; many of these are global brands. This study ascertains whether medicines approved by SRAs or the WHO perform better in simple quality tests than those that have not been approved by either. Over the past 4 years, 2652 essential drugs (products to treat malaria, tuberculosis, and bacterial infections) were procured by covert shoppers from eleven African cities and eight cities in a variety of mid-income nations. All samples were assessed using the Global Pharma Health Fund eV Minilab The failure rate among SRA-approved products was 1.01%, among WHO-approved products was 6.80%, and 13.01% among products that were not approved by either. African cities had a greater proportion of SRA- or WHO-approved products (31.50%) than Indian cities (26.57%), but they also experienced a higher failure rate (14.21%) than Indian cities (7.83%). The remainder of cities tested had both the highest proportion of approved products at 34.46% and the lowest failure rate at 2.70%. Products made in Africa had the highest failure rate at 25.77%, followed by Chinese products at 15.74%, Indian products at 3.70%, and European/US products, which failed least often, at 1.70%. Most worrying is that 17.65% of Chinese products approved by the WHO failed. The results strongly indicate that approval by either an SRA or the WHO is correlated with higher medicine quality at a statistically significant level. The comparatively high failure rates among WHO-approved products suggest there may be some weakness in post-marketing surveillance of these products, especially of Chinese-made WHO-approved products. The discrepancy between the failure rate of WHO-approved products from India (2.39%) and China (17.65%) is cause for concern. It is possible that more of the failures originating in China are counterfeit products, but this cannot be ascertained without greater help from the manufacturers themselves.","China; India; World Health Organization prequalification program; counterfeit; product approval; stringent regulatory authority","10.2147/RRTM.S33108"
"Philippa Easterbrook; Anita Sands; Hande Harmanci","Challenges and priorities in the management of HIV/HBV and HIV/HCV coinfection in resource-limited settings.","Seminars in liver disease",2012,"Liver disease due to chronic hepatitis B virus (HBV) and hepatitis C virus (HCV) infection is now emerging as an increasing cause of morbidity and mortality in human immunodeficiency virus- (HIV-) infected persons in resource-limited settings (RLS). Existing management guidelines have generally focused on care in tertiary level facilities in developed countries. Less than half of low-income countries have guidance, and in those that do, there are important omissions or disparities in recommendations. There are multiple challenges to delivery of effective hepatitis care in RLS, but the most important remains the limited access to antiviral drugs and diagnostic tests. In 2010, the World Health Assembly adopted a resolution calling for a comprehensive approach for the prevention, control, and management of viral hepatitis. We describe activities at the World Health Organization (WHO) in three key areas: the establishment of a global hepatitis Program and interim strategy; steps toward the development of global guidance on management of coinfection for RLS; and the WHO prequalification program of HBV and HCV diagnostic assays. We highlight key research gaps and the importance of applying the lessons learned from the public health scale-up of ART to hepatitis care.","","10.1055/s-0032-1316476"
"Rajeev Dhere; Leena Yeolekar; Prasad Kulkarni; Ravi Menon; Vivek Vaidya; Milan Ganguly; Parikshit Tyagi; Prajakt Barde; Suresh Jadhav","A pandemic influenza vaccine in India: from strain to sale within 12 months.","Vaccine",2011,"In the event of a highly pathogenic influenza pandemic, the Indian subcontinent would need 1.2 billion doses of vaccine to immunize its entire population, double if two doses were required to assure immunity. Serum Institute of India Limited (SII) thus became one of six initial grantees of the World Health Organization (WHO) technology transfer initiative to create capacity in developing countries to manufacture H5N1 pandemic influenza vaccine. At the outbreak of the A(H1N1) 2009 influenza pandemic, experience gained from the H5N1 project was used to develop a live attenuated influenza vaccine (LAIV), since this was the only option for the level of surge capacity required for a large-scale immunization campaign in India. SII took <12 months to develop and market its LAIV intranasal vaccine from receipt of the seed strain from WHO. As of November 2010, over 2.5 million persons have been vaccinated with Nasovac(®) with no serious adverse reactions or vaccine failure after 3 months' post-marketing surveillance. The product has been submitted for prequalification by WHO for purchase by United Nations agencies. In parallel, SII also developed an inactivated influenza vaccine, and is currently looking to ensure the sustainability of its influenza vaccine manufacturing capacity.","","10.1016/j.vaccine.2011.04.119"
"Catherine Lacaze; Tina Kauss; Jean-René Kiechel; Antonella Caminiti; Fawaz Fawaz; Laurent Terrassin; Sylvie Cuart; Luc Grislain; Visweswaran Navaratnam; Bellabes Ghezzoul; Karen Gaudin; Nick J White; Piero L Olliaro; Pascal Millet","The initial pharmaceutical development of an artesunate/amodiaquine oral formulation for the treatment of malaria: a public-private partnership.","Malaria journal",2011,"Artemisinin-based combination therapy is currently recommended worldwide for the treatment of uncomplicated malaria. Fixed-dose combinations are preferred as they favour compliance. This paper reports on the initial phases of the pharmaceutical development of an artesunate-amodiaquine (ASAQ) bilayer co-formulation tablet, undertaken following pre-formulation studies by a network of scientists and industrials from institutions of both industrialized and low income countries. Pharmaceutical development was performed by a research laboratory at the University Bordeaux Segalen, School of Pharmacy, for feasibility and early stability studies of various drug formulations, further transferred to a company specialized in pharmaceutical development, and then provided to another company for clinical batch manufacturing. The work was conducted by a regional public-private not-for-profit network (TropiVal) within a larger Public Private partnership (the FACT project), set up by WHO/TDR, Médecins Sans Frontières and the Drugs for Neglected Disease initiative (DNDi). The main pharmaceutical goal was to combine in a solid oral form two incompatible active principles while preventing artesunate degradation under tropical conditions. Several options were attempted and failed to provide satisfactory stability results: incorporating artesunate in the external phase of the tablets, adding a pH regulator, alcoholic wet granulation, dry granulation, addition of an hydrophobic agent, tablet manufacturing in controlled conditions. However, long-term stability could be achieved, in experimental batches under GMP conditions, by physical separation of artesunate and amodiaquine in a bilayer co-formulation tablet in alu-alu blisters. Conduction of the workplan was monitored by DNDi. Collaborations between research and industrial groups greatly accelerated the process of development of the bi-layered ASAQ tablet. Lack of public funding was the main obstacle hampering the development process, and no intellectual property right was claimed. This approach resulted in a rapid technology transfer to the drug company Sanofi-Aventis, finalizing the process of development, registration and WHO pre-qualification of the fixed-dose co-formulation together with DNDi. The bi-layered tablet is made available under the names of Coarsucam® and Artesunate amodiaquine Winthrop®, Sanofi-Aventis. The issue related to the difficulty of public institutions to valorise their participation in such initiative by lack of priority and funding of applied research is discussed.","","10.1186/1475-2875-10-142"
"Justin Chakma; Hassan Masum; Kumar Perampaladas; Jennifer Heys; Peter A Singer","Indian vaccine innovation: the case of Shantha Biotechnics.","Globalization and health",2011,"Although the World Health Organization had recommended that every child be vaccinated for Hepatitis B by the early 1980s, large multinational pharmaceutical companies held monopolies on the recombinant Hepatitis B vaccine. At a price as high as USD$23 a dose, most Indians families could not afford vaccination. Shantha Biotechnics, a pioneering Indian biotechnology company founded in 1993, saw an unmet need domestically, and developed novel processes for manufacturing Hepatitis B vaccine to reduce prices to less than $1/dose. Further expansion enabled low-cost mass vaccination globally through organizations such as UNICEF. In 2009, Shantha sold over 120 million doses of vaccines. The company was recently acquired by Sanofi-Aventis at a valuation of USD$784 million. The case study and grounded research method was used to illustrate how the globalization of healthcare R&D is enabling private sector companies such as Shantha to address access to essential medicines. Sources including interviews, literature analysis, and on-site observations were combined to conduct a robust examination of Shantha's evolution as a major provider of vaccines for global health indications. Shantha's ability to become a significant global vaccine manufacturer and achieve international valuation and market success appears to have been made possible by focusing first on the local health needs of India. How Shantha achieved this balance can be understood in terms of a framework of four guiding principles. First, Shantha identified a therapeutic area (Hepatitis B) in which cost efficiencies could be achieved for reaching the poor. Second, Shantha persistently sought investments and partnerships from non-traditional and international sources including the Foreign Ministry of Oman and Pfizer. Third, Shantha focused on innovation and quality - investing in innovation from the outset yielded the crucial process innovation that allowed Shantha to make an affordable vaccine. Fourth, Shantha constructed its own cGMP facility, which established credibility for vaccine prequalification by the World Health Organization and generated interest from large pharmaceutical companies in its contract research services. These two sources of revenue allowed Shantha to continue to invest in health innovation relevant to the developing world. The Shantha case study underscores the important role the private sector can play in global health and access to medicines. Home-grown companies in the developing world are becoming a source of low-cost, locally relevant healthcare R&D for therapeutics such as vaccines. Such companies may be compelled by market forces to focus on products relevant to diseases endemic in their country. Sanofi-Aventis' acquisition of Shantha reveals that even large pharmaceutical companies based in the developed world have recognized the importance of meeting the health needs of the developing world. Collectively, these processes suggest an ability to tap into private sector investments for global health innovation, and illustrate the globalization of healthcare R&D to the developing world.","","10.1186/1744-8603-7-9"
"Michelle G Goveia; Christopher B Nelson; Max Ciarlet","RotaTeq: Progress toward developing world access.","The Journal of infectious diseases",2010,"Phase III studies of an oral, live, pentavalent, human-bovine reassortant rotavirus vaccine (RotaTeq; Merck) in developed countries have demonstrated that it is well tolerated with regard to intussusception and other adverse events and is efficacious in preventing rotavirus gastroenteritis and associated healthcare encounters. However, it cannot be assumed that rotavirus vaccines will be equally efficacious in infants and young children in the developing world. Differences in host populations, associated health conditions, and the epidemiology of rotavirus disease could affect vaccine performance. Concern about the potential for differences in efficacy stems from studies of previous candidate rotavirus vaccines, including bovine and rhesus rotaviruses, which showed no or variable efficacy in developing regions. Given this history, the World Health Organization (WHO) recommended that the efficacy of ""new"" rotavirus vaccines should be demonstrated in diverse geographic areas, including developing countries, before widespread implementation. Successful implementation of any rotavirus vaccine in the developing world requires additional clinical research and sharing of early introduction experiences. We discuss efforts to bring RotaTeq vaccine to the developing world. Critical steps to achieve this goal include the clinical evaluation of vaccine safety and efficacy in a multisite trial in Asia and Africa, evaluation of concomitant use with other pediatric vaccines routinely used, and vaccine assessment in special populations (premature, human immunodeficiency virus-infected, and malnourished infants). Completion of WHO prequalification of RotaTeq and affordability are also key requirements to routine vaccine introduction. The RotaTeq Partnership with the Nicaraguan Ministry of Health provides an example of the successful introduction of this vaccine into a developing world country.","","10.1086/653546"
"Brenda Waning; Margaret Kyle; Ellen Diedrichsen; Lyne Soucy; Jenny Hochstadt; Till Bärnighausen; Suerie Moon","Intervening in global markets to improve access to HIV/AIDS treatment: an analysis of international policies and the dynamics of global antiretroviral medicines markets.","Globalization and health",2011,"Universal access to antiretroviral therapy (ART) in low- and middle-income countries faces numerous challenges: increasing numbers of people needing ART, new guidelines recommending more expensive antiretroviral (ARV) medicines, limited financing, and few fixed-dose combination (FDC) products. Global initiatives aim to promote efficient global ARV markets, yet little is known about market dynamics and the impact of global policy interventions. We utilize several data sources, including 12,958 donor-funded, adult first-line ARV purchase transactions, to describe the market from 2002-2008. We examine relationships between market trends and: World Health Organization (WHO) HIV/AIDS treatment guidelines; WHO Prequalification Programme (WHO Prequal) and United States (US) Food and Drug Administration (FDA) approvals; and procurement policies of the Global Fund to Fight AIDS, Tuberculosis, and Malaria (GFATM), US President's Emergency Plan for AIDS Relief (PEPFAR) and UNITAID. WHO recommended 7, 4, 24, and 6 first-line regimens in 2002, 2003, 2006 and 2009 guidelines, respectively. 2009 guidelines replaced a stavudine-based regimen ($88/person/year) with more expensive zidovudine- ($154-260/person/year) or tenofovir-based ($244-465/person/year) regimens. Purchase volumes for ARVs newly-recommended in 2006 (emtricitabine, tenofovir) increased >15-fold from 2006 to 2008. Twenty-four generic FDCs were quality-approved for older regimens but only four for newer regimens. Generic FDCs were available to GFATM recipients in 2004 but to PEPFAR recipients only after FDA approval in 2006. Price trends for single-component generic medicines mirrored generic FDC prices. Two large-scale purchasers, PEPFAR and UNITAID, together accounted for 53%, 84%, and 77% of market volume for abacavir, emtricitabine, and tenofovir, respectively, in 2008. PEPFAR and UNITAID purchases were often split across two manufacturers. Global initiatives facilitated the creation of fairly efficient markets for older ARVs, but markets for newer ARVs are less competitive and slower to evolve. WHO guidelines shape demand, and their complexity may help or hinder achievement of economies of scale in pharmaceutical manufacturing. Certification programs assure ARV quality but can delay uptake of new formulations. Large-scale procurement policies may decrease the numbers of buyers and sellers, rendering the market less competitive in the longer-term. Global policies must be developed with consideration for their short- and long-term impact on market dynamics.","","10.1186/1744-8603-6-9"
"I Feavers; I Knezevic; M Powell; E Griffiths; WHO Consultation on Serological Criteria for Evaluation and Licensing of New Pneumococcal Vaccines","Challenges in the evaluation and licensing of new pneumococcal vaccines, 7-8 July 2008, Ottawa, Canada.","Vaccine",2009,"The introduction of seven valent pneumococcal conjugate vaccine (7vPnC) into immunization programmes has led to a significant reduction in invasive disease due to Streptococcus pneumoniae. New conjugate pneumococcal vaccine formulations containing additional serotypes are at advanced stages of clinical development and are expected to be available in the near future. There are also a number of on-going initiatives to facilitate the introduction of pneumococcal conjugate vaccines into the immunization programmes of developing countries. These initiatives are dependent upon the vaccines being satisfactorily licensed and subsequently pre-qualified by the WHO for use by UN agencies. Recommendations for the production and control of pneumococcal conjugate vaccines were established by WHO in 2003 and have served as a basis for national requirements for the evaluation and licensing of these products. Much progress has been made since that time and a consultation held in Ottawa, Canada, in July 2008 aimed to provide regulators and manufacturers with further guidance on the criteria for evaluating and licensing of new pneumococcal conjugate vaccines taking account of recent developments. The principal conclusion of the meeting was that the current WHO recommendations, in which the demonstration of immunological non-inferiority to the licensed 7vPnC vaccine is proposed as the main basis for approval, continue to provide a solid basis for the evaluation of pneumococcal conjugate vaccines and may be referred to when assessing new vaccines for licensure and pre-qualification. Uncertainties regarding serological criteria for assessing the efficacy of new conjugate vaccines against invasive pneumococcal disease were discussed in detail and proposals made for handling complex data. In particular, it was emphasized that all relevant immunological data should be taken into account when comparing new pneumococcal conjugate vaccines with licensed 7vPnC vaccine. These include the measurement of the total amount of anticapsular IgG as well as the demonstration of functionality of vaccine-induced antibodies, by verifying their ability to opsonize and promote the killing of pneumococcal serotypes, and the demonstration of immunological priming. It was agreed that new information on assay performance and on the effectiveness of currently licensed 7vPnC vaccine, as assessed in routine mass immunization programmes, should both be included in any update of the WHO recommendations. A detailed meeting report is available at the WHO web site for biologicals: http://www.who.int/biologicals/publications/meetings/areas/vaccines/pneumococcal/en/index.html.","","10.1016/j.vaccine.2009.03.087"
"Julie Milstien; Alejandro Costa; Suresh Jadhav; Rajeev Dhere","Reaching international GMP standards for vaccine production: challenges for developing countries.","Expert review of vaccines",2009,"Standards for vaccine production have been increasing at a rapid rate. Current standards of good manufacturing practice (GMP) had been thought to be out of the reach of developing country vaccine producers, many of whom are in the public sector, overseen by unvalidated national regulatory authorities (NRAs). With the advent of the GMP regulations in 1963 and their application to vaccine production, even many industrialized country manufacturers with stringent NRA oversight had difficulties. This article assesses the ability of developing country manufacturers to meet GMP by the only currently available global indicator: WHO prequalification. As recently as 1996, no developing country NRA was considered able to enforce GMP compliance. That number increased to four in 2002 and six in 2006, with a concomitant increase in the number of manufacturers considered to be operating to GMP standards. Examples of the difficulties faced by manufacturers in achieving this are given, as well as implications for the future vaccine market.","","10.1586/erv.09.23"
"Peter E Hall; Joachim Oehler; Phillip Woo; Humberto Zardo; Lester Chinery; Jyoti S Singh; S Harry Jooseery; Nana M Essah","A study of the capability of manufacturers of generic hormonal contraceptives in lower- and middle-income countries.","Contraception",2007,"Studies were undertaken to assess the capability, competence and capacity of manufacturers of oral and injectable hormonal contraceptives in lower- and middle-income countries. A qualitative study on 41 companies, which comprised in-depth interviews and facility observations, was undertaken. Also an in-depth quantitative study of 14 companies was undertaken, of which 3 have not been included in the first study. Following review of a questionnaire and other documentation, a visit was undertaken to each factory to assess staff competence, manufacturing facilities, manufacturing processes, quality management, worker safety and environmental protection. Of the 44 companies from 15 countries, less than 30% would meet the current Good Manufacturing Practice requirements of the World Health Organization (WHO), the Pharmaceutical Inspection Cooperation Scheme or any stringent regulatory authority; a further 20% could comply with investment and improvements in quality management. Few companies are able to develop adequate registration dossiers. There is a limited number of companies that are capable of manufacturing high-quality generic products and which can provide a complete registration dossier for use outside their home markets. It is essential that, in the future, procurement agencies only use suppliers that are prequalified by WHO for the procurement of hormonal contraceptives.","","10.1016/j.contraception.2006.11.008"
"WHO Expert Committee on Specifications for Pharmaceutical Preparations","WHO expert committee on specifications for pharmaceutical preparations. Fortieth report.","World Health Organization technical report series",2006,"This report presents the recommendations of an international group of experts convened by the World Health Organization to consider matters concerning the quality assurance of pharmaceuticals and specifications for drug substances and dosage forms. The report is complemented by a number of annexes. These include: a list of available International Chemical Reference Substances and International Infrared Spectra; supplementary guidelines on good manufacturing practices for heating, ventilation and air-conditioning systems for non-sterile pharmaceutical dosage forms; updated supplementary guidelines on good manufacturing practices for the manufacture of herbal medicines; supplementary guidelines on good manufacturing practices for validation; good distribution practices for pharmaceutical products; a model quality assurance system for procurement agencies (recommendations for quality assurance systems focusing on prequalification of products and manufacturers, purchasing, storage and distribution of pharmaceutical products); multisource (generic) pharmaceutical products: guidelines on registration requirements to establish interchangeability; a proposal to waive in vivo bioequivalence requirements for WHO Model List of Essential Medicines immediate-release, solid oral dosage forms; and additional guidance for organizations performing in vivo bioequivalence studies.","","16836287"
"","Differences in the cost of manufacturing pharmaceuticals in India for differently regulated markets: A comparative analysis","",2025,"","","10.1101/2025.04.16.25325941"
"","Strengthening Vaccine Regulation: Insights from COVID-19 vaccines, Best Practices, and Lessons for Future Public Health Emergencies","",2025,"","","10.20944/preprints202505.0550.v1"
"","11.H. Round table: Timely access to quality-assured medicines worldwide","",2022,"","",NA
"","Viability of Medicines Regulatory Harmonization (MRH) Regional Programs in advancing medicines Access – Case of New Drug Applications for East Africa Community (EAC) MRH","",2023,"","","10.21203/rs.3.rs-3396401/v1"
"","Stronger Food and Drug Regulatory Systems Abroad","",2020,"","","32293826"
