id,source,title,year,journal,doi,pmid,abstract,include
1,pubmed,"[Emergency authorization of vaccines in countries of the Americas, August 2024Autorização de vacinas em situações de emergência nos países da Região das Américas, agosto de 2024].",2025,Revista panamericana de salud publica = Pan American journal of public health,10.26633/RPSP.2025.129,41473890,To evaluate the post-pandemic regulatory preparedness of countries of the Region of the Americas for emergency authorization of vaccines as of August 2024 and propose recommendations for future public health emergencies. Special report describing the mechanisms for emergency use authorization of vaccines established in the regulatory frameworks of Latin American and English-speaking Caribbean countries. Most of the countries (64%) included in this analysis did not make any changes in their regulations for emergency situations following the COVID-19 pandemic. Special import permits constitute t,
2,pubmed,Do we need prequalification of AI as a medical device to drive equitable adoption.,2025,NPJ digital medicine,10.1038/s41746-025-02151-7,41407822,"Artificial intelligence offers transformative potential for global health, yet regulatory disparities threaten equitable adoption. This brief examines whether the World Health Organization's Prequalification (PQ) framework should extend to AI. We highlight limitations of applying static product paradigms to dynamic systems, outline targeted reforms, and propose a reimagined PQ4AI that balances global technical assurance with local regulatory accountability to foster safe, effective, and equitable deployments.",
3,pubmed,Approval delays in multi-country COVID-19 trials: the case of COPCOV and the risk of therapeutic inertia.,2026,Trials,10.1186/s13063-025-09300-z,41402852,"Many multi-country COVID-19 clinical trials, including those for widely available repurposed drugs with strong safety profiles, were conceptualised quickly but were unable to influence clinical treatment guidelines. The Chloroquine/Hydroxychloroquine for the Prevention of COVID-19 (COPCOV) trial, a large multi-country clinical trial sponsored by the University of Oxford, sought to determine the efficacy of hydroxychloroquine and chloroquine as a prophylaxis for COVID-19 but faced approval delays and other bureaucratic challenges. Understanding the reasons for these delays will help to guide re",
4,pubmed,The Early Experiences of Health Technology Assessment Bodies in the Implementation of the European Union Health Technology Assessment Regulation for High-Risk Medical Devices: A Qualitative Study.,2026,Value in health : the journal of the International Society for Pharmacoeconomics and Outcomes Research,10.1016/j.jval.2025.11.013,41360323,"The EU Health Technology Assessment Regulation (HTAR) introduces joint clinical assessments (JCAs) to harmonize clinical evidence evaluation across Member States. JCAs are commencing in 2026 for high-risk medical devices (MD) and in vitro diagnostics (IVD), but little is known about how national health technology assessment (HTA) bodies are preparing for implementation. This study aims to explore how selected European Union (EU)/European Economic Area HTA bodies are planning for JCAs integration and HTAR implementation for high-risk MD/IVD. Semistructured interviews were conducted with 15 part",
5,pubmed,Barriers to and enablers of Pakistani pharmaceutical export to regulated markets: regulatory perspective.,2025,Journal of pharmaceutical policy and practice,10.1080/20523211.2025.2564828,41333239,"The pharmaceutical sector in Pakistan has grown over a period; however, there are certain barriers within the framework that regulate the growth and export of pharmaceuticals in the country. The purpose of this study was to highlight the current challenges for the pharmaceuticals' export from Pakistan, especially to countries with stringent regulatory authorities (SRAs), from a regulatory perspective, and to identify the facilitators that may help resolve these challenges. In this qualitative study, data were collected from the participants from the regional offices of Drug Regulatory Authorit",
6,pubmed,Assessment of compliance with good review practices by medicine assessors within the Zambia medicines regulatory authority.,2025,Frontiers in medicine,10.3389/fmed.2025.1706139,41306499,"The implementation of Good Review Practices (GRevPs) ensures the timely, high-quality review and enhanced availability to safe, quality, and efficacious medicines. It is important, therefore, that all aspects of GRevPs are continuously updated and monitored to promote improvement of the review process. This study aimed to assess the implementation of the GRevPs in the Zambia Medicines Regulatory Authority (ZAMRA) to identify opportunities for improvement. The GRevP Questionnaire developed by the Centre for Innovation in Regulatory Science (CIRS), an established, structured and multi-dimensiona",
7,pubmed,"Advances in Point-of-Care Infectious Disease Diagnostics: Integration of Technologies, Validation, Artificial Intelligence, and Regulatory Oversight.",2025,"Diagnostics (Basel, Switzerland)",10.3390/diagnostics15222845,41300871,"Point-of-care (POC) infectious disease diagnostics are reshaping global health by delivering rapid, decentralized, and clinically actionable results that link bedside testing to population-level surveillance. Valued at approximately USD 53 billion in 2024 and projected to nearly double by 2033, the global POC diagnostics market is driven by infectious disease assays and accelerated by innovations in molecular amplification, biosensors, microfluidics, and artificial intelligence (AI). This review integrates current evidence across technological, clinical, regulatory, and public health domains. ",
8,pubmed,"Safety and non-inferiority of multidose and single-dose vial formulations of EuTCV Vi-CRM197 versus Typbar TCV in healthy participants in Kenya and Senegal: a multicentre, observer-blind, randomised, phase 3 study.",2025,The Lancet. Global health,10.1016/S2214-109X(25)00330-4,41240950,"Typhoid is an important global public health problem, despite efforts to enhance access to clean water and sanitation facilities, appropriate diagnostics, treatments, and vaccines. We aimed to assess the safety and non-inferiority of single-dose and multidose EuTCV Vi-CRM197 typhoid conjugate vaccine (TCV) formulations compared with Typbar TCV. This multicentre, observer-blinded, randomised, phase 3, non-inferiority study conducted at one medical research institute in Kenya and one in Senegal enrolled healthy participants aged 6 months to 45 years, without previous typhoid or typhoid vaccinati",
9,pubmed,Advancing vaccines justice through international regulatory pathways.,2025,Global public health,10.1080/17441692.2025.2566730,41230656,"Vaccines are essential for preventing infectious diseases and promoting population health; however, equitable global access to vaccines remains elusive. Regulatory approval of vaccines is a critical step on the path towards global vaccines justice, yet the resources required can impede timely decision making. Regulatory reliance, where authorities use other agencies' assessments of new vaccines to make local decisions about their benefit-risk profile, can expedite regulatory decision making. In this Commentary, we apply a critical lens inspired by 'Third World Approaches to International Law' ",
10,pubmed,Statement of Concern regarding Corruption in Medical Education.,2025,Indian journal of medical ethics,10.20529/IJME.2025.076,41195919,"We at Equitable Healthcare Access Consortium (EHAC), a consortium of healthcare organisations and individual practitioners committed to ethical and equitable healthcare in India, wish to express deep concern over the recent First Information Report (FIR) filed by the Central Bureau of Investigation (CBI) [1] and subsequent report that appeared in The Lancet [2]. The FIR implicates officials from the Ministry of Health and Family Welfare, external assessors of the National Medical Commission (NMC), doctors affiliated with private medical colleges, and various intermediaries and administrators.",
11,pubmed,Sustainable by Design: Digital Health Business Models for Equitable Global Health Impact in Low-Income and Low-Middle-Income Countries.,2025,Mayo Clinic proceedings. Digital health,10.1016/j.mcpdig.2025.100261,41140345,This study explores challenges and potential strategies related to sustaining digital health business models and markets in low-income and low-middle-income countries using a critical interpretive synthesis approach. We extracted 21 articles from a database search that yielded over 1300 hits and used insights from 7 expert reviewers with experience operating or funding digital health companies in low-middle -income countries. Findings reveal 4 key challenges: (1) internal challenges related to managing value creation for complex stakeholder networks and external challenges related to (2) infra,
12,pubmed,Operationalizing African self-reliance in vaccine manufacturing.,2025,Global health action,10.1080/16549716.2025.2560209,41040058,"The COVID-19 pandemic underscored Africa's urgent need for vaccine security and self-reliance. In response, the African Union and Africa Centers for Disease Control and Prevention (CDC) established the Framework for Action (FFA) through the Platform for Harmonized African Health Products Manufacturing (PHAHM), with a goal of 60% local vaccine production by 2040. During 2024, Africa CDC, Karolinska Institutet, and Charité Universitätsmedizin Berlin organized a seminar series to discuss advancing this agenda, including a multidisciplinary international expert panel. The series concluded that ach",
13,pubmed,Optimization and prioritization of paediatric drugs for visceral leishmaniasis.,2025,Frontiers in pediatrics,10.3389/fped.2025.1635252,40980123,"Visceral leishmaniasis (VL) is a fatal disease if left untreated. Globally, at least 50% of VL cases are reported to be children younger than 15 years, with a higher incidence among males. VL is intrinsically associated with poverty and poor social determinants of health. Malnutrition and immune suppression are risk factors for severe VL, making children particularly vulnerable to this disease. Available treatment options vary depending on the eco-epidemiological context, but are in general suboptimal, especially for children. In 2023, the World Health Organization convened a paediatric drug o",
14,pubmed,"Progress, impacts and lessons from market shaping in the past decade: a systematic review.",2025,Frontiers in public health,10.3389/fpubh.2025.1614471,40917430,"Market shaping activities have been increasingly used to improve access to health products, such as the advance market commitments used to increase access to the pneumococcal vaccine and COVID-19 vaccines. This paper reviewed the progress and impacts, and identified enablers and barriers of market shaping activities in the past decade. We conducted a systematic review using a structured searching strategy across five academic databases and key actors' websites for gray and white literature published in English since 2012. Two researchers independently performed screening, data extraction, and ",
15,pubmed,Therapeutic value of oncology drugs approved by Health Canada through Project Orbis: a cross-sectional study.,2025,Journal of cancer policy,10.1016/j.jcpo.2025.100635,40854481,"In May 2019, the US Food and Drug Administration (FDA) initiated Project Orbis with the aim of providing patients faster access to promising cancer treatments by promoting coordination with international regulatory agencies, including Health Canada. This study evaluates the additional therapeutic value of drugs approved by Health Canada through Project Orbis. The FDA list of drugs approved through Project Orbis until the end of 2024 was downloaded and drugs that Health Canada participated in were identified. The type of approval that Health Canada gave these drugs - standard, priority and Noti",
16,pubmed,Disparities in access to systemic therapies for patients with hepatocellular carcinoma: an analysis from the International Liver Cancer Association.,2025,The Lancet regional health. Europe,10.1016/j.lanepe.2025.101408,40799504,"Hepatocellular carcinoma (HCC) is a major cause of cancer deaths worldwide. It is often diagnosed at advanced stages, requiring systemic therapies like sorafenib, lenvatinib, atezolizumab-bevacizumab, and tremelimumab-durvalumab. However, disparities in access to systemic therapies for HCC remain a major global challenge, particularly in low- and middle-income countries where high drug costs, regulatory delays, and limited healthcare infrastructure impede treatment. Drawing on international experience, we highlight the urgent need for coordinated advocacy and innovative programs-such as Projec",
17,pubmed,Trust Beyond Borders: European External Regulatory Influence on Access to Medicines.,2025,"The Journal of law, medicine & ethics : a journal of the American Society of Law, Medicine & Ethics",10.1017/jme.2025.10140,40799076,"European institutions are widely recognized as wielding regulatory power in a globalized market, exporting its standards across borders and between sectors. This paper asks what institutional dynamics catalyze European external regulatory impact on pharmaceutical governance in low- and middle-income countries (LMICs). The research focuses on two European regulatory bodies, the European Medicines Agency (EMA) and the European Patent Office (EPO), and explores the dynamics of their technocratic outreach beyond European borders. We find that trust is a key underlying institutional dynamic facilit",
18,pubmed,Hepatitis E vaccine landscape update 2025.,2025,Expert review of vaccines,10.1080/14760584.2025.2543809,40757700,"Hepatitis E virus (HEV) is a significant public health concern, particularly in resource-limited and conflict-affected settings. While often self-limiting, HEV infection poses severe risks for pregnant women contracted with genotype 1 or 2, leading to high maternal mortality, and can cause chronic infection in immunocompromised individuals. This review examines the epidemiology, clinical manifestations, and vaccine landscape of HEV, highlighting licensed and investigational candidates. We discuss HEV 239 vaccine the only licensed HEV vaccine which has shown high efficacy and cross-genotype pro",
19,pubmed,Comparison of the review models and regulatory timelines of seven countries participating in the ECOWAS-MRH initiative: identifying opportunities for improvement.,2025,Frontiers in medicine,10.3389/fmed.2025.1587761,40727527,"National regulatory medicines authorities (NRAs) are mandated to ensure timely access to high-quality, safe and efficacious medical products, primarily achieved through a marketing authorisation procedure established in each country. The aim of this study which was similar to that carried out in the SADC and EAC regions, was to assess and compare the review models and regulatory timelines of seven of the national medicines regulatory authorities (NRAs) of the Economic Community of West African States-Medicines Regulatory Harmonization (ECOWAS- MRH) initiative, Burkina Faso, Cote d'Ivoire, Ghan",
20,pubmed,Current landscape of innovative drug development and regulatory support in China.,2025,Signal transduction and targeted therapy,10.1038/s41392-025-02267-y,40691459,"The global pharmaceutical landscape remains dynamic and competitive, shaped by advancements in first-in-class therapies and breakthrough technologies. The United States has maintained its leadership in first-in-class therapies and breakthrough technologies, driven by advanced regulatory pathways, significant multinational corporation investments, a robust Research and Development (R&D) workforce, and continuous technological innovation. Additionally, global impact of the Food and Drug Administration (FDA) is further amplified through collaborations like Project Orbis, which facilitates simulta",
21,pubmed,Reliance into Action : Understanding EMA Documents to Streamline Reliance for Marketing Authorization Applications.,2026,Therapeutic innovation & regulatory science,10.1007/s43441-025-00824-9,40581695,"According to data gathered from across EU pharmaceutical trade associations, the European Medicines Agency (EMA) is one of the most frequently selected reference regulatory authority (RRA) for reliance procedures due its transparency, detailed decision-making reflected on its public assessment reports and easy access to information related to the assessment of medicines. This review discusses the implementation of unilateral reliance pathways for marketing authorization applications (MAAs) based on EMA assessment. The EMA established a focus group dedicated to reliance in 2022, with the primar",
22,pubmed,"The value of a structured, systematic approach to benefit-risk assessment of medicines: A South African regulator case study.",2025,Regulatory toxicology and pharmacology : RTP,10.1016/j.yrtph.2025.105893,40581143,"This study investigates the utility of the Universal Methodology for Benefit-Risk Assessment (UMBRA) framework within the South African Health Products Regulatory Authority (SAHPRA) to determine whether adopting a structured approach improves consistency, transparency, and quality in benefit-risk assessments of new chemical entities (NCEs). The UMBRA eight-step framework was applied retrospectively and prospectively to six NCEs to systematically document the decision context, identify benefits and risks, and interpret the benefit-risk balance. Comparisons were made between initial SAHPRA narra",
23,pubmed,"Strengthening Vaccine Regulation: Insights from COVID-19 Vaccines, Best Practices, and Lessons for Future Public Health Emergencies.",2025,Vaccines,10.3390/vaccines13060638,40573969,,
24,pubmed,Transitioning to regulatory harmonisation for medicines: a comparison between Africa and Europe.,2025,Drug discovery today,10.1016/j.drudis.2025.104416,40562205,"The harmonisation of medicines regulation has varied across regions. Europe began over 50 years ago, whereas Africa started only recently through regional initiatives. We compared regulatory developments in both regions, examining stakeholder influence, philosophy, funding, and systems. Key differences included legislation (common binding legislation was essential to success in Europe), economics, disease patterns, and industrial policy, while protecting health and work-sharing were common goals. Disease outbreaks drove African manufacturing and regulatory strengthening, whereas European harmo",
25,pubmed,Strategic Approach to Enhancing Diagnostic Precision: Optimizing Panel Size for HBV and HCV Viral Load Monitoring Kits.,2025,Journal of medical virology,10.1002/jmv.70437,40492615,"To effectively manage and treat infections caused by the hepatitis B (HBV) and hepatitis C virus (HCV), performing viral load monitoring using high-quality diagnostic kits is essential. First-time quality control evaluation, ""performance evaluation"" (PE), is critical to ensure its reliability. This depends on the quality and sample size used for quality control evaluation. This is the first study that attempts to optimize the sample size requirement for doing the PE of HBV and HCV viral load monitoring kits. The leftover plasma samples were characterized using closed systems. Various random su",
26,pubmed,Strengthening the Use of International Collaborative Regulatory Assessments and Regulatory Alignment- Implications for Global Convergence.,2025,Therapeutic innovation & regulatory science,10.1007/s43441-025-00817-8,40484897,"There has been a significant growth in international regulatory information-sharing and work-sharing initiatives in recent years, leading to reductions in submission lag and regulatory review timeframes. However, regulatory approvals in some major countries can still lag by months or years after the first global approval, with impacts on availability of new medicines for patients. This review assesses the impact of current international collaborative initiatives and proposes some options for their advancement. It also explores the potential impact of other factors such as greater alignment and",
27,pubmed,"Respiratory syncytial virus prophylaxis for children in Africa: Challenges, opportunities and public health strategies.",2025,Journal of public health in Africa,10.4102/jphia.v16i1.1251,40469396,"Respiratory syncytial virus (RSV) is a leading cause of severe lower respiratory tract infections (LRTIs) in young children, accounting for an estimated 94 600 to 149 400 deaths annually and over 33 million cases of LRTI. The burden is particularly acute in Africa, where limited healthcare access, malnutrition, and co-infections exacerbate outcomes. Despite the introduction of maternal vaccines, such as RSVpreF (respiratory syncytial virus prefusion F protein vaccine), and monoclonal antibodies (mAbs), such as nirsevimab, barriers including high costs, infrastructure limitations, and vaccine h",
28,pubmed,The Path To Tarlatamab Approval: Leveraging Innovative Strategies and Global Regulatory Pathways.,2025,Therapeutic innovation & regulatory science,10.1007/s43441-025-00809-8,40419854,"On May 16, 2024, tarlatamab-dlle (IMDELLTRA",
29,pubmed,Veterinary medicinal product regulation in sub-Saharan Africa: identifying barriers and opportunities for enhancing VMP regulatory systems.,2025,Frontiers in veterinary science,10.3389/fvets.2025.1532098,40417371,"Effective regulation of veterinary medicines is essential to ensure veterinarians and animal keepers have access to assured quality, safe and effective products to prevent and treat animal disease. The maturity of national veterinary medicine regulatory systems varies between countries across sub-Saharan Africa and immature systems disincentivise manufacturers from bringing products to these markets. Common barriers to regulatory system strengthening identified by national regulatory agencies (NRAs) in the region include lack of financial resources, lack of trained personnel, and a need for su",
30,pubmed,"Safety of nOPV2 administered during a supplementary immunisation activity in Uganda, 2022: data triangulation from a prospective cohort event monitoring programme and vaccine safety surveillance reports.",2025,The Lancet. Global health,10.1016/S2214-109X(25)00110-X,40414241,"In November, 2020, WHO authorised novel oral polio vaccine type 2 (nOPV2) use under Emergency Use Listing in response to outbreaks of circulating vaccine-derived poliovirus type 2 (cVDPV2). Although no concerns were identified in nOPV2 trials, the Global Advisory Committee on Vaccine Safety requested more extensive vaccine safety data during emergency use. The Uganda Ministry of Health declared a cVDPV2 outbreak in 2021 and responded with an nOPV2 campaign in January, 2022. More than 9 million children aged 0-59 months were vaccinated, providing an opportunity to generate robust safety data. W",
31,pubmed,Is the STAT Classification the Best That We Can Do?,2025,Seminars in thoracic and cardiovascular surgery. Pediatric cardiac surgery annual,10.1053/j.pcsu.2025.02.002,40382120,"Case-mix description and adjustment is foundational for quality assessment and improvement. The current STAT system has evolved and improved over the past 2 decades. While imperfect, in its present form it has been and will be immensely useful as a tool to help guide and assess progress. Herein is presented an abbreviated review of the origin and evolution of the current system. Pitfalls in its use and inherent weaknesses are discussed, and the need for continued revisions and updates is acknowledged. A summary judgement of ""good enough for now"" is suggested.",
32,pubmed,"Worldwide Regulatory Reliance: Results of an Executed Chemistry, Manufacturing, and Control Post-Approval Change Pilot.",2025,PDA journal of pharmaceutical science and technology,10.5731/pdajpst.2024-003023.1,40300810,"Post-approval changes (PACs) are integral to pharmaceutical product life cycle management, ensuring that the product remains safe, effective, and compliant with evolving standards. However, managing these changes across multiple regulatory jurisdictions remains a challenging endeavor due to diverse regulatory requirements and timelines across national regulatory authorities (NRAs). This results in delays in obtaining approval from NRAs, impacting global supply chains and ultimately jeopardizing timely access to essential medical products by patients. In 2021, the World Health Organization issu",
33,pubmed,"Evaluation of the implementation and the associated operating costs of a medicine regulatory harmonisation model in Africa: the case of ZaZiBoNa, a SADC work-sharing initiative.",2025,Journal of pharmaceutical policy and practice,10.1080/20523211.2025.2490565,40291139,"To improve the access to and affordability of medicines, countries in the Southern African Development Community (SADC) established ZaZiBoNa, a medicine regulatory harmonisation initiative. Studies have evaluated the initiative's technical and operational efficiencies and effectiveness. This study evaluated ZaZiBoNa from project implementation and cost perspectives, at the 5-year mark, to establish a business case for further investment. A quantitative and desk review were undertaken. Two surveys, one with 7 National Regulatory Authorities (NRAs) that participated in the initiative in the init",
34,pubmed,The paradigm shift from Stringent Regulatory Authorities to WHO-Listed Authorities.,2025,Annales pharmaceutiques francaises,10.1016/j.pharma.2025.03.006,40180034,"Regulatory systems play a key role in assuring the quality, safety, and efficacy of health products. After more than 20 years of efforts on regulatory capacity improvement of the less-equipped National Regulatory Authorities, the transition from the concept of Stringent Regulatory Authorities (SRAs) to WHO-Listed Authorities (WLAs) represents a significant paradigm shift in global health ecosystem. This review aims to provide a better understanding of this evolution and to clarify the WLA concept, as a component for the long-term success of this framework.",
35,pubmed,Vaccine Inequity in the COVID-19 Crisis: Lessons to Leverage Global Health Law through Market-Shaping Policies.,2025,"The Journal of law, medicine & ethics : a journal of the American Society of Law, Medicine & Ethics",10.1017/jme.2025.18,40143624,"This article critically examines the inequities in the access to COVID-19 vaccine and the lessons for global health law. Despite the rapid development and approval of COVID-19 vaccines, the rollout exposed severe systemic failures rooted in preexisting economic distortions and market inefficiencies. The article argues that addressing vaccine inequity requires more than improved distribution and solidarity, but effective reinvention of the global vaccine supply chain through evidence-based and meaningful market-shaping measures. It calls for a transformative approach to global health governance",
36,pubmed,"Establishing Sustainable Access to Quality Uterotonics in Kano, Lagos and Niger States-A Supply Chain Perspective.",2025,The International journal of health planning and management,10.1002/hpm.3910,40064625,"The quality of oxytocin and misoprostol, the most widely used uterotonics for postpartum haemorrhage (PPH) management, suffer supply chain challenges and climactic susceptibilities. To describe a supply chain strengthening programme for introducing heat-stable Carbetocin (HSC), to health facilities in Kano, Lagos and Niger states. Human-centred design (HCD) was employed to uncover uterotonics supply chain challenges and to identify priority interventions across a market-shaping value chain to facilitate the rollout of HSC. Through a mixed-methods approach and interviews with 203 stakeholders, ",
37,pubmed,Suggested Improvements to the Current East African Community Medicines Regulatory Harmonization Joint Review Process and a Proposed New Review Model for this Initiative.,2025,Pharmaceutical medicine,10.1007/s40290-025-00554-1,40038207,"In 2012, the East African Community Medicines Regulatory Harmonization (EAC-MRH) initiative was established to improve access to safe, effective, and high-quality medical products to patients in the East African region. The East African Community (EAC) Partner States, the Republic of Burundi, Democratic Republic of Congo, Republic of Rwanda, United Republic of Tanzania, Republic of Kenya, Republic of South Sudan, and the Republic of Uganda, have a population of 290 million inhabitants. The timely access to medical products for this population was to be achieved through harmonisation of regulat",
38,pubmed,Comparison of good review practices of seven countries participating in the ECOWAS medicines regulatory harmonisation initiative: identifying opportunities for improvement.,2025,Frontiers in medicine,10.3389/fmed.2024.1520892,39867926,"When implemented by national and regional regulatory agencies good review practices (GRevPs) support the timely high-quality review of medicines for enhanced patients' availability to safe, quality and efficacious innovative and generic products. It is important that all aspects of GRevPs are continuously evaluated and updated to promote the continuous improvement of regulatory systems at national and regional levels. The aim of this study was to assess and compare the GRevPs of the national medicines regulatory agencies (NMRAs) of Burkina Faso, Cote d'Ivoire, Ghana, Nigeria, Senegal, Sierra L",
39,pubmed,The 30-year evolution of oral cholera vaccines: A case study of a collaborative network alternative innovation model.,2025,PLOS global public health,10.1371/journal.pgph.0003599,39823395,"Cholera outbreaks have been rapidly increasing around the world. While long-term cholera prevention and control measures rely on improvements in water, sanitation, and hygiene, oral cholera vaccines (OCVs) are used for prevention and control in the short-to-medium term. OCVs lack the market incentives available in other more profitable disease areas. The development of OCVs was made possible through an alternative innovation model, which sustained innovation across multiple generations of the product for more than three decades. To examine how this alternative innovation model worked, we condu",
40,pubmed,Active vaccine safety surveillance in low- and middle-income countries: Challenges for vaccine manufacturers from emerging countries.,2025,Vaccine,10.1016/j.vaccine.2025.126727,39813974,"Developing Countries Vaccine Manufacturers Network (DCVMN) is an alliance of vaccine developers, manufacturers, and marketing authorization holders (MAHs) from low- and middle-income countries (LMICs) that plays a vital role in ensuring equitable, inclusive, accountable, and timely access to affordable, high-quality vaccines in these countries. Besides research and development, this network promotes manufacturing and global supply chains for effective strengthening of regulatory and pharmacovigilance activities. Traditionally, vaccine safety surveillance systems in LMICs rely on spontaneous re",
41,pubmed,Evaluation of the Regulatory Review Process of the Zambia Medicines Regulatory Authority: Challenges and Opportunities.,2025,Therapeutic innovation & regulatory science,10.1007/s43441-024-00730-6,39729229,"This study aimed to assess the current regulatory review process of the Zambia Medicines Regulatory Authority (ZAMRA) by identifying the key milestones and target timelines achieved for products approved from 2020 to 2023, as well as good review and quality decision-making practices implemented in the review process. A standardised, validated questionnaire; Optimising Efficiencies in Regulatory Agencies (OpERA) and the OpERA Data Collection Template were completed by the author. Three review models are used by ZAMRA to review new active substances (NASs) and generic products: verification, for",
42,pubmed,"Borrowing regulatory capacity in middle-income countries during public health crises: Brazil, regulatory reliance, and the politics of COVD-19 vaccine regulation.",2025,Social science & medicine (1982),10.1016/j.socscimed.2024.117563,39705755,"The COVID-19 pandemic underscored the critical role of states' regulatory capacities. Countries had to authorize novel vaccine technologies in the context of scientific uncertainty and political pressure, issues particularly acute in middle-income countries (MICs) less familiar with the procedures needed to streamline regulatory processes during a crisis. How did regulatory agencies in countries still building their regulatory capacities expedite the authorization of new COVID-19 vaccines to combat the pandemic? How did they navigate political pressures to expedite vaccine approval while maint",
43,pubmed,Case studies of health economic analyses informing pharmaceutical health technology assessments for essential medicine selection and public-sector guidelines in South Africa.,2024,International journal of technology assessment in health care,10.1017/S0266462324000448,39663916,"Constrained resources under universal health coverage (UHC) necessitate a balance between medication costs and essential health system requirements. Policymakers practice priority-setting, as either implicit or explicit rationing, embedded in evidence-informed decision-making processes to guide funding decisions. Health technology assessment (HTA) is a method that may assist explicit evidence-informed priority setting. South Africa developed an official HTA methods guide in 2022, however before this, commissioning and performing economic evaluations was not standardized. We conducted a descrip",
44,pubmed,REASSURED evaluation of the Bioline HCV point-of-care testing for diagnosing hepatitis C virus infection in primary healthcare settings of Ghana: a study protocol.,2024,BMJ open,10.1136/bmjopen-2023-082416,39521466,"Hepatitis C virus (HCV) infection is a silent epidemic that needs a comprehensive and contextualised approach to manage. Access to readily available, affordable and acceptable HCV point-of-care (POC) in vitro diagnostics (IVDs) is equally required to meet the global HCV goals. However, most guidelines for evaluating these IVDs such as the WHO prequalification process and country-specific standards disproportionately focus on diagnostic performance. The real-time connectivity, ease of specimen collection, affordability, sensitivity, specificity, user-friendliness, rapidity and robustness, equip",
45,pubmed,Barriers to WHO prequalification of similar biotherapeutic insulin.,2024,Bulletin of the World Health Organization,10.2471/BLT.24.291804,39464844,"To identify the barriers preventing manufacturers of similar biotherapeutic human insulin from submitting their products to the World Health Organization (WHO) for prequalification. We used a self-administered questionnaire to collect data from companies producing similar biotherapeutic human insulin. We included questions about the insulin products manufactured, knowledge of WHO prequalification requirements, export of the products and compliance with good manufacturing practices. Companies had the possibility to provide additional relevant information. We sent the questionnaire to 20 manufac",
46,pubmed,Leveraging HIV self-testing to achieve the UNAIDS 2025 targets in the South and Southeast Asia region.,2024,Journal of the International AIDS Society,10.1002/jia2.26357,39397317,"The South and Southeast Asia region has the second-highest number of people living with HIV globally. Despite progress in reducing HIV incidence and AIDS-related deaths, the region still has a long way to go in achieving the Joint United Nations Programme on HIV and AIDS (UNAIDS) 95-95-95 HIV testing, treatment and viral suppression targets. HIV self-testing (HIVST) is recommended by the World Health Organization as an additional approach to HIV testing. This paper provides a commentary on the implementation status, benefits, barriers and recommendations for HIVST implementation in South and S",
47,pubmed,WHO-listed authorities (WLA) framework: transparent evidence-based approach for promoting regulatory reliance towards increased access to quality-assured medical products.,2025,Frontiers in medicine,10.3389/fmed.2024.1467229,39376648,"Increased global access to safe, effective and quality-assured medical products remains a primary goal for the full realization of the World Health Assembly Resolution WHA 67.20 on regulatory systems strengthening for medical products as well as target 3.8 of the Sustainable Development Goals (SDG). To promote the development of efficient regulatory systems, the WHO introduced the Global Benchmarking Tool (GBT) in 2016, upon which the WHO-Listed Authority (WLA) framework was later established. This study aimed to appraise the development of the WLA framework across various phases while highlig",
48,pubmed,Evaluation of the review models and approval timelines of authorities participating in the East African Medicine Regulatory Harmonisation initiative: alignment and strategies for moving forward.,2024,Frontiers in medicine,10.3389/fmed.2024.1438041,39355848,"Medicines regulatory harmonisation has been embraced by many national regulatory authorities (NRAs) to improve public health through faster availability of safe, high-quality, and effective medical products to patients and enhanced standardisation of technical guidelines and work sharing, leading to reduced cost to pharmaceutical companies. After ten years of implementing regulatory harmonisation by the East African Community Medicines Registration Harmonization (EAC-MRH) initiative, it is now imperative for participating NRAs to rely on each other to minimise duplication of use of limited res",
49,pubmed,Access in all areas? A round up of developments in market access and HTA: part 5.,2024,Journal of comparative effectiveness research,10.57264/cer-2024-0179,39351904,"In this latest update, we explore the recent announcement by Canada's Drug Agency (CDA-AMC, formerly CADTH) on their pilot to include the societal perspective in the evaluation of certain new medicines; a recent Office of Health Economics (OHE) report on the evaluation of HTA agency methods over time; and publications examining the impact of Project Orbis on patient access to oncology treatments.",
50,pubmed,The challenges of regulatory pluralism.,2024,"Health policy (Amsterdam, Netherlands)",10.1016/j.healthpol.2024.105164,39305586,"Countries with small and/or less-resourced regulatory authorities that operate outside of a larger medical product regulatory system face a regulatory strategy dilemma. These countries may rely on foreign well-resourced regulators by recognising the regulatory decisions of large systems and following suit (regulatory reliance); alternatively, such countries may extend formal decision recognition to regulators in multiple other jurisdictions with similar oversight and public health goals, following a system which we call regulatory pluralism. In this policy comment, we discuss three potential l",
51,pubmed,Evaluation of good review practices in member authorities of the East African Medicines Regulatory Harmonisation initiative: strategies for alignment with African medicines agency.,2024,Frontiers in medicine,10.3389/fmed.2024.1437970,39267958,"The East African Community Medicines Regulatory Harmonisation (EAC-MRH) programme was established to address challenges faced by national regulatory authorities (NRAs) of the region. Work sharing through joint assessments and inspections was adopted to manage limited resources and capacity; however, NRA good review practices (GrevP) are also a key determinant to success. This study evaluated GReVP among the EAC-MRH NRAs and mapped required strategies for countries to align themselves with the African Medicines Agency (AMA). A validated questionnaire (Optimising Efficiency in Regulatory Agency-",
52,pubmed,Current Application of the Medical Device Single Audit Program (MDSAP) as a Global Regulatory Reliance Framework for the Inspection of Medical Devices.,2024,Therapeutic innovation & regulatory science,10.1007/s43441-024-00696-5,39212895,"The globalization and rapid advancements in medical technologies necessitate the harmonization of international regulatory frameworks to ensure the efficient and timely clinical application of medical products, including pharmaceuticals and medical devices. Regulatory reliance, a critical component of this harmonization process, is a powerful tool that provides efficient access for economic entities and regulatory authorities, promoting predictable decision-making and accelerating approvals. The Medical Device Single Audit Program (MDSAP) serves as a regulatory reliance framework for medical d",
53,pubmed,"Clinical benefit, reimbursement outcomes, and prices of FDA-approved cancer drugs reviewed through Project Orbis in the USA, Canada, England, and Scotland: a retrospective, comparative analysis.",2024,The Lancet. Oncology,10.1016/S1470-2045(24)00286-9,39004098,"Project Orbis is a global initiative that aims to streamline regulatory review processes across international regulators in the USA, Canada, Australia, UK, Israel, Brazil, Singapore, and Switzerland to bring promising cancer drugs to patients earlier. We explored the clinical benefit, time to regulatory approval and health technology assessment recommendations, reimbursement outcomes, and monthly treatment prices of cancer drugs reviewed through this initiative. For this retrospective, comparative analysis, we identified cancer drug approvals reviewed through Project Orbis in the USA, Canada, ",
54,pubmed,Bioequivalence of a new coated 15 mg primaquine formulation for malaria elimination.,2024,Malaria journal,10.1186/s12936-024-04947-6,38840151,"With only one 15 mg primaquine tablet registered by a stringent regulatory authority and marketed, more quality-assured primaquine is needed to meet the demands of malaria elimination. A classic, two sequence, crossover study, with a 10-day wash out period, of 15 mg of IPCA-produced test primaquine tablets and 15 mg of Sanofi reference primaquine tablets was conducted. Healthy volunteers, aged 18-45 years, without glucose-6-phosphate dehydrogenase deficiency, a baseline haemoglobin ≥ 11 g/dL, creatinine clearance ≥ 70 mL/min/1.73 ms, and body mass index of 18.5-30 kg/m 47 of 50 volunteers, med",
55,pubmed,"Effect of Project Orbis participation by the Swiss regulator on submission gaps, review times, and drug approval decisions between 2020 and 2022: a comparative analysis.",2024,The Lancet. Oncology,10.1016/S1470-2045(24)00158-X,38754450,"Expedited market access for novel and efficacious drugs is warranted for patients. Since 2020, Swissmedic (The Swiss Agency for Therapeutic Products) has been participating in Project Orbis, a collaborative parallel-review programme launched by the US Food and Drug Administration (FDA) in 2019 to expedite patient access to cancer drugs. This programme allows regulatory agencies to remain independent in their decisions. We aimed to evaluate the effect of the first 2 years of Project Orbis from the Swissmedic perspective. In this comparative analysis, we compared submission gap (time between sub",
56,pubmed,Defining a malaria diagnostic pathway from innovation to adoption: Stakeholder perspectives on data and evidence gaps.,2024,PLOS global public health,10.1371/journal.pgph.0002957,38753739,"Malaria, a major global health concern, requires effective diagnostic tools for patient care, disease control, and elimination. The pathway from concept to the adoption of diagnostic products is complex, involving multiple steps and stakeholders. To map this process, our study introduces a malaria-specific diagnostic pathway, synthesising existing frameworks with expert insights. Comprising six major stages and 31 related activities, the pathway retains the core stages from existing frameworks and integrates essential malaria diagnostic activities, such as WHO prequalification processes, globa",
57,pubmed,A new era for African health systems: Market shaping and the African Continental Free Trade Area (AfCFTA).,2025,Public health challenges,10.1002/puh2.172,40496150,"The COVID-19 pandemic has forced a reflection on the origins of supplies in African healthcare market and underscored the need for an increase in local manufacturing of medical supplies. Several African countries' health markets have been heavily reliant on imports. First, this article demonstrates how the African healthcare market has had a high import dependency and the role that the African Continental Free Trade Area (AfCFTA) could play to reverse this. It is estimated that African countries import between 80% and 94% of medical supplies, 75% of testing kits, between 70% and 95% of pharmac",
58,pubmed,Development and Psychometric Testing of the Fathers' Self-Efficacy Scale for Newborn Care.,2024,Asian nursing research,10.1016/j.anr.2024.04.001,38677473,"Fathers' involvement in newborn care positively affects both work sharing between parents, newborn quality of life, and the relationship between father and newborn. However, there is no valid and reliable measurement tool to evaluate fathers' self-efficacy levels for newborn care. This study aimed to develop the fathers' self-efficacy scale for newborn care (FSSNC) and to examine its psychometric properties. This study is an instrument development and validation study. After a comprehensive literature review, expert opinion, and pilot application stages, an item pool was developed. For validit",
59,pubmed,Novel Oral Polio Vaccine Type 2 Use for Polio Outbreak Response: A Global Effort for a Global Health Emergency.,2025,"Pathogens (Basel, Switzerland)",10.3390/pathogens13040273,38668228,"A sharp rise in circulating vaccine-derived poliovirus type 2 (cVDPV2) outbreaks in the years following the cessation of routine use of poliovirus type 2-containing oral polio vaccine and the trend of seeding new emergences with suboptimal vaccination response during the same time-period led to the accelerated development of the novel oral polio vaccine type 2 (nOPV2), a vaccine with enhanced genetic stability and lower likelihood of reversion to neuroparalytic variants compared to its Sabin counterpart. In November 2020, nOPV2 became the first vaccine to be granted an Emergency Use Listing (E",
60,pubmed,Job description and perception of clinical research personnel working in a network of French intensive care units.,2024,"Critical care (London, England)",10.1186/s13054-024-04900-8,38605352,"There is a lack of information about the organisation and management of clinical research personnel in Europe and of their professional activity in intensive care. We therefore conducted a cross-sectional survey among personnel currently working in a French intensive care research network that involves 41 centres nationwide. The aim of the survey was to describe the personnel's personal and institutional organisation and management, their job perception in terms of satisfaction and stress, and suggestions for improvement. Over 3 months in 2023, the research personnel received an electronic que",
61,pubmed,Dermatologists Can Treat Ocular Rosacea: An Abbreviated Review of Intense Pulsed Light for Rosacea Eye Disease.,2024,Dermatologic surgery : official publication for American Society for Dermatologic Surgery [et al.],10.1097/DSS.0000000000004192,38595166,,
62,pubmed,Industry Perceptions and Experiences with the Access Consortium New Active Substance Work-Sharing Initiative (NASWSI): Survey Results and Recommendations.,2024,Therapeutic innovation & regulatory science,10.1007/s43441-024-00624-7,38459358,"The Access Consortium New Active Substance Work-Sharing Initiative, or ""Access"" for simplicity, allows regulatory authorities (RAs) of the Access Consortium countries to jointly review applications for the registration of new active substances or for new indications. Using a survey developed by the pharmaceutical industry trade associations of the five Access Consortium countries-Australia, Canada, Singapore, Switzerland, and the United Kingdom (UK)-this study gathered insights into the perceptions and experiences of the Access pathway held by affiliates of pharmaceutical companies. Understand",
63,pubmed,Collaboration within the global vaccine safety surveillance ecosystem during the COVID-19 pandemic: lessons learnt and key recommendations from the COVAX Vaccine Safety Working Group.,2024,BMJ global health,10.1136/bmjgh-2023-014544,38453518,"This analysis describes the successes, challenges and opportunities to improve global vaccine safety surveillance as observed by the Vaccine Safety Working Group from its role as a platform of exchange for stakeholders responsible for monitoring the safety of vaccines distributed through the COVAX mechanism. Three key elements considered to be essential for ongoing and future pandemic preparedness for vaccine developers in their interaction with other members of the vaccine safety ecosystem are (1) the availability of infrastructure and capacity for active vaccine safety surveillance in low-in",
64,pubmed,"Safety of the novel oral poliovirus vaccine type 2 (nOPV2) in infants and young children aged 1 to <5 years and lot-to-lot consistency of the immune response to nOPV2 in infants in The Gambia: a phase 3, double-blind, randomised controlled trial.",2024,"Lancet (London, England)",10.1016/S0140-6736(23)02844-1,38402887,Novel oral poliovirus vaccine type 2 (nOPV2) has been engineered to improve the genetic stability of Sabin oral poliovirus vaccine (OPV) and reduce the emergence of circulating vaccine-derived polioviruses. This trial aimed to provide key safety and immunogenicity data required for nOPV2 licensure and WHO prequalification. This phase 3 trial recruited infants aged 18 to <52 weeks and young children aged 1 to <5 years in The Gambia. Infants randomly assigned to receive one or two doses of one of three lots of nOPV2 or one lot of bivalent OPV (bOPV). Young children were randomised to receive two,
65,pubmed,The Role of the European Medicines Agency in the Safety Monitoring of COVID-19 Vaccines and Future Directions in Enhancing Vaccine Safety Globally.,2024,Drug safety,10.1007/s40264-024-01405-9,38396269,"The European Union (EU) regulatory network was at the forefront of the safety monitoring of COVID-19 vaccines during the pandemic. An unprecedented number of case reports of suspected adverse reactions after vaccination called for huge efforts for the assessment of this safety information, to ensure that any possible risks were detected and managed as early as possible, while ruling out coincidental but temporally related adverse health outcomes. We describe the role of the European Medicines Agency alongside the EU regulatory network in the safety monitoring of the COVID-19 vaccines, and prov",
66,pubmed,One billion doses and WHO prequalification of nOPV2: Implications for the global polio situation and beyond.,2024,PLOS global public health,10.1371/journal.pgph.0002920,38335217,,
67,pubmed,"Tolerability, safety, and immunogenicity of the novel oral polio vaccine type 2 in children aged 6 weeks to 59 months in an outbreak response campaign in The Gambia: an observational cohort study.",2024,The Lancet. Infectious diseases,10.1016/S1473-3099(23)00631-X,38237616,"Novel oral polio vaccine type 2 (nOPV2) has been used to interrupt circulating vaccine-derived poliovirus type 2 outbreaks following its WHO emergency use listing. This study reports data on the safety and immunogenicity of nOPV2 over two rounds of a campaign in The Gambia. This observational cohort study collected baseline symptoms (vomiting, diarrhoea, irritability, reduced feeding, and reduced activity) and axillary temperature from children aged 6 weeks to 59 months in The Gambia before a series of two rounds of a nOPV2 campaign that took place on Nov 20-26, 2021, and March 19-22, 2022. Se",
68,pubmed,American College of Medical Toxicology and the American Academy of Clinical Toxicology position statement: nalmefene should not replace naloxone as the primary opioid antidote at this time.,2023,"Clinical toxicology (Philadelphia, Pa.)",10.1080/15563650.2023.2283391,38039052,"Nalmefene is a potent opioid antagonist that has recently been reintroduced in the United States to treat known or suspected opioid overdose. The injection formulation, which had been withdrawn in 2008, was reintroduced in 2022, and in 2023 the United States Food and Drug Administration approved a new intranasal formulation of nalmefene. Because nalmefene had been previously approved for use in 1995 via injection, the new intranasal formulation did not require new clinical data as it was approved under an Abbreviated New Drug Application. Inherent to this abbreviated approval process, intranas",
69,pubmed,"Worldwide Regulatory Reliance: Launching a Pilot on a Chemistry, Manufacturing, and Control Post Approval Change for a Vaccine.",2024,PDA journal of pharmaceutical science and technology,10.5731/pdajpst.2023.012850,37973190,"When an initial marketing authorization of a pharmaceutical product is granted, a substantial number of chemistry, manufacturing, and control (CMC) post approval changes (PACs) have to be managed by the manufacturers. Despite efforts undertaken over the years by multiple regulatory jurisdictions, there is still heterogeneity in terms of regulatory requirements and timelines across national regulatory authorities (NRAs). This creates complexity in managing global CMC PACs, putting the supply of medical products at risk. Regulators have developed regulatory mechanisms that aim at accelerating th",
70,pubmed,Expanding regulatory science: Regulatory complementarity and reliance.,2024,Clinical and translational science,10.1111/cts.13683,37957894,"Drug regulatory institutions, infrastructures, and systems are becoming increasingly interconnected across national boundaries and increasingly global in outlook. This process is reflected in the broadening and deepening application of the principles and practice of Regulatory Reliance, and parallel initiatives to strengthen the capacities of regulatory institutions in low- and middle-income countries (LMICs). Although these developments are important and constructive, they have tended to be framed in terms of the transfer of systems, knowledge, and skills from relatively ""mature"" regulatory a",
71,pubmed,Scaling malaria interventions: bottlenecks to malaria elimination.,2023,BMJ global health,10.1136/bmjgh-2023-013378,37949501,"The slow progress in malaria control efforts and increasing challenges have prompted a need to accelerate the research and development (R&D), launch and scaling of effective interventions for malaria elimination. This research, including desk research and key informant interviews, identified the following challenges along the end-to-end scale-up pathway of malaria interventions. Underinvestment in malaria R&D persists, and developers from low-resource settings are not commonly included in the R&D process. Unpredictable or unclear regulatory and policy pathways have been a hurdle. The private s",
72,pubmed,The pipeline for drugs for control and elimination of neglected tropical diseases: 2. Oral anti-infective drugs and drug combinations for off-label use.,2023,Parasites & vectors,10.1186/s13071-023-05909-8,37907954,"In its 'Road map for neglected tropical diseases 2021-2030', the World Health Organization outlined its targets for control and elimination of neglected tropical diseases (NTDs) and research needed to achieve them. For many NTDs, this includes research for new treatment options for case management and/or preventive chemotherapy. Our review of small-molecule anti-infective drugs recently approved by a stringent regulatory authority (SRA) or in at least Phase 2 clinical development for regulatory approval showed that this pipeline cannot deliver all new treatments needed. WHO guidelines and coun",
73,pubmed,Factors associated with the utilization of diagnostic tools among countries with different income levels during the COVID-19 pandemic.,2023,Global health research and policy,10.1186/s41256-023-00330-1,37885008,"Disparities in the utilization of essential medical products are a key factor contributing to inequality in health outcomes. We aimed to analyze the trends and influencing factors in using Coronavirus disease 2019 (COVID-19) diagnostic tools and disparities in countries with different income levels. We conducted a cross-sectional study using open and publicly available data sources. Data were mainly collected from the Foundation for Innovative New Diagnostics, ""Our World in Data,"" and the Global Burden of Disease databases. Negative binomial regression model and generalized linear mixed model ",
74,pubmed,The use of in silico molecular modelling to screen potential estrogen mimics as part of medicines and agrochemicals development and product license applications.,2023,Toxicology in vitro : an international journal published in association with BIBRA,10.1016/j.tiv.2023.105721,37875181,"Estrogen mimics are a diverse group of synthetic and naturally occurring compounds that can interact with estrogen receptors (ERs) in animals, including humans. These interactions rely on key structural features of 17b-estradiol (E2) and if these molecular features are in a similar spatial arrangement on other compounds, they are likely to elicit an agonist (i.e., they are E2 mimics) or antagonist response. The structural diversity of some compounds vis-à-vis analogies with E2 makes it difficult to reliably predict E2 mimicry on simple structural grounds alone. We propose a new approach method",
75,pubmed,Global regulatory reforms to promote equitable vaccine access in the next pandemic.,2023,PLOS global public health,10.1371/journal.pgph.0002482,37851688,"There is broad consensus that the global response to the Covid-19 pandemic was inadequate, leading to unacceptable levels of avoidable morbidity and mortality. Three strategic missteps led to the lack of equitable vaccine access: The heavy reliance on commercial vaccine manufacturers in high-income countries (HICs) versus low- and middle-income countries (LMICs); the emergence of vaccine nationalism restricting and delaying the supply of vaccines to LMICs; and an inadequate support or recognition for LMIC national regulatory authorities. To avoid these inequities in a future pandemic, we focus",
76,pubmed,"What makes joint assessment procedures attractive to the innovative industry: successes, challenges, and proposed improvements.",2023,Frontiers in medicine,10.3389/fmed.2023.1207954,37731723,"Regulatory harmonization and convergence have been identified as the key driver in promoting efficient evaluation of medicines, reducing workload, and supporting earlier access to medicines on the African continent. There has been great progress to date in enhancing regulatory harmonization and convergence on the African continent via the Regional Economic Communities (RECs) and with the establishment of the Africa Medicines Agency (AMA). In this article, the International Federation of Pharmaceutical Manufacturers and Associations (IFPMA) Africa Regulatory Network (ARN) presents its perspecti",
77,pubmed,"Comparing research and development, launch, and scale up timelines of 18 vaccines: lessons learnt from COVID-19 and implications for other infectious diseases.",2023,BMJ global health,10.1136/bmjgh-2023-012855,37696544,"Over the next decade, millions of deaths could be prevented by increasing access to vaccines in low-income and middle-income countries (LMICs). The COVID-19 pandemic has demonstrated that the research and development (R&D), launch and scale up timelines of vaccines can be drastically shortened. This study compares such timelines for eighteen vaccines and identifies lessons and implications for accelerating the R&D, launch and scale up process for other vaccine candidates. To replicate the rapid R&D process of the COVID-19 vaccines, future vaccine R&D should capitalise on public-private knowled",
78,pubmed,Comparison of the Latin America Regulation Landscape and International Reference Health Authorities to Hasten Drug Registration and Clinical Research Applications.,2023,Therapeutic innovation & regulatory science,10.1007/s43441-023-00565-7,37682461,"Promptly providing new drugs to fulfill unmet medical needs requires changes in drug development and registration processes. Health Authorities (HAs) considered as reference due to their experience and acknowledgement (Food and Drug Administration [FDA] among others) already consider innovative clinical trial (CT) designs and flexible approval procedures, but Latin America (LATAM) regulations are still far. A comparison was performed to identify gaps. CT requirements for drug Marketing Authorization Application (MAA) and CT approval regulations were compared between LATAM and reference HAs (FD",
79,pubmed,"SHAPES Marketplace: Transparency, Trust and Fair Competition in the Healthy Ageing Market.",2023,Studies in health technology and informatics,10.3233/SHTI230595,37638898,"Access to digital health and care solutions and services that promote healthy ageing, independent living, and ageing in place is limited due to significant market barriers and challenges. The SHAPES project addresses the challenge of ageing populations by developing a sociotechnical ecosystem comprising a variety of health and care digital solutions, tools and services to enable and facilitate active, independent, and healthy ageing at home. Within the SHAPES project, the SHAPES Marketplace serves as a one-stop-shop for digital solutions and services designed for the Silver Economy that target",
80,pubmed,A Mixed Methods Study to Explore Relevant Metrics for a Results Framework Measuring the Public Health Impact of Reliance-Based Pathways.,2023,Therapeutic innovation & regulatory science,10.1007/s43441-023-00559-5,37552399,"Reliance-based pathways for the marketing authorization of medical products have been identified as valuable regulatory tools for the timely provision of effective, safe, quality medicines for people worldwide; however, little research has been conducted on the best way to measure the public health impact of using reliance-based pathways. The current mixed methods study was designed to explore which characteristics or ""metrics"" could be used to measure the impact of reliance-based pathways. A quantitative survey (n = 70) and in-depth interviews (IDIs) (n = 10) were employed to query various st",
81,pubmed,Evolving market-shaping strategies to boost access to essential medical products in developing countries with HIV self-testing as a case study.,2023,Global health research and policy,10.1186/s41256-023-00310-5,37443153,"The COVID-9 pandemic has exacerbated health inequities among countries in the Global South with limited access to essential medical products, leading to a higher infection and mortality rate, especially among vulnerable populations. Despite tremendous progress in global health financing, the estimated annual financing gap in developing countries is projected to reach US$371 billion per year by 2030. Therefore, developing market-shaping strategies is of great importance in ensuring adequate supply, affordable prices, and equitable access to essential medical products in low-and middle-income co",
82,pubmed,Securing accelerated access to long-acting injectable cabotegravir for HIV prevention in low- and middle-income countries.,2023,Journal of the International AIDS Society,10.1002/jia2.26101,37439082,"Reductions in HIV acquisition have slowed, and the global community is significantly off track from global goals. Oral pre-exposure prophylaxis (PrEP) alone cannot address the diverse needs of the millions of people at risk of HIV acquisition. Long-acting injectable cabotegravir (CAB-LA) received United States Food and Drug Administration approval for HIV prevention in December 2021. When studied, CAB-LA demonstrated high effectiveness, provides months of protection versus daily use, is preferred by some users and has the potential to achieve commodity cost reduction. These factors position CA",
83,pubmed,Situation analysis on the regulation of nanomedicines in Southern Africa.,2023,Frontiers in medicine,10.3389/fmed.2023.1098830,37153083,"Medical products incorporating nanoparticle drug delivery systems (nanomedicines) are therapeutic or imaging agents, which comprise a delivery system within the nanometer size range (1 - 1000 nm). As medical products, nanomedicines meet definitions of medicines according to various national legislations for regulation of medicines. However, for the regulation of nanomedicines, additional assessments including toxicological issues have to be considered. These complexities require extra regulatory effort. In the resource-limited context of low- and middle-income countries, many National Medicine",
84,pubmed,Reducing uncertainties in quantitative adverse outcome pathways by analysis of thyroid hormone in the neonatal rat brain.,2023,Toxicological sciences : an official journal of the Society of Toxicology,10.1093/toxsci/kfad040,37099719,"A number of xenobiotics interfere with thyroid hormone (TH) signaling. Although adequate supplies of TH are necessary for normal brain development, regulatory reliance on serum TH as proxies for brain TH insufficiency is fraught with significant uncertainties. A more direct causal linkage to neurodevelopmental toxicity induced by TH-system disrupting chemicals is to measure TH in the target organ of most concern, the brain. However, the phospholipid-rich matrix of brain tissue presents challenges for TH extraction and measurement. We report optimized analytical procedures to extract TH in brai",
85,pubmed,Evaluation of Risk-Based Approaches to the Registration of Medicines: Current Status Among African Regulatory Authorities.,2023,Pharmaceutical medicine,10.1007/s40290-023-00472-0,37074548,"Despite the worldwide need for increased access to safe and effective medicines, there is a lack of innovative medicines in many low- to middle-income countries. On the African continent, this is partly due to capacity limitations of National Regulatory Authorities (NRAs). One important approach to address this issue is work sharing and regulatory reliance. Therefore, the aim of this study of regulatory authorities on the African continent was to identify which risk-based approaches are being used as well as their foreseen role in the future. The study employed a questionnaire to identify whic",
86,pubmed,Comparative Expedited Regulatory Programs of U.S Food & Drug Administration and Project Orbis Partners.,2023,Therapeutic innovation & regulatory science,10.1007/s43441-023-00522-4,37072651,"Project Orbis was initiated in May 2019 by the Oncology Center of Excellence to facilitate faster patient access to innovative cancer therapies by providing a framework for concurrent submissions and review of oncology products among international partners. Since its inception, Australia's Therapeutic Goods Administration (TGA), Canada's Health Canada (HC), Singapore's Health Sciences Authority (HSA), Switzerland's Swissmedic (SMC), Brazil's National Health Surveillance Agency (ANVISA), United Kingdom's Medicines and Healthcare Products Regulatory Agency (MHRA), and most recently Israel's Mini",
87,pubmed,From the European Medicines Agency to Project Orbis: new activities and challenges to facilitate UK oncology drug approval following Brexit.,2023,The Lancet. Oncology,10.1016/S1470-2045(22)00701-X,36990613,"The departure of the UK from the European Union (EU) and affiliated European regulatory bodies, including the European Medicines Agency, on Dec 31, 2020, has resulted in the Medicines and Healthcare products Regulatory Agency becoming an independent national regulator. This change has required a fundamental transformation of the UK drug regulatory landscape, creating both opportunities and challenges for future development of oncology drugs. New UK pharmaceutical policies have sought to make the UK an attractive market for drug development and regulatory review, by offering expedited review pa",
88,pubmed,Regulatory performance of the East African Community joint assessment procedure: The way forward for regulatory systems strengthening.,2023,Regulatory toxicology and pharmacology : RTP,10.1016/j.yrtph.2023.105383,36933643,"Seven national medicines regulatory authorities in the East African Community (EAC) have embraced regulatory reliance, harmonization and work sharing through the EAC Medicines Regulatory Harmonization programme. Measuring the performance of regulatory systems provides key baseline information to build on regulatory system-strengthening strategies. Therefore, the aim of the study was to evaluate the regulatory performance of the EAC joint scientific assessment of applications approved between 2018 and 2021. Utilising a data metrics tool, information was collected reflecting timelines for variou",
89,pubmed,The pipeline for drugs for control and elimination of neglected tropical diseases: 1. Anti-infective drugs for regulatory registration.,2023,Parasites & vectors,10.1186/s13071-022-05581-4,36859332,"The World Health Organization 'Ending the neglect to attain the Sustainable Development Goals: A road map for neglected tropical diseases 2021-2030' outlines the targets for control and elimination of neglected tropical diseases (NTDs). New drugs are needed to achieve some of them. We are providing an overview of the pipeline for new anti-infective drugs for regulatory registration and steps to effective use for NTD control and elimination. Considering drugs approved for an NTD by at least one stringent regulatory authority: fexinidazole, included in WHO guidelines for Trypanosoma brucei gambi",
90,pubmed,"Independent control of COVID-19 vaccines by EU Official Control Authority Batch Release: challenges, strengths and successes.",2024,NPJ vaccines,10.1038/s41541-023-00617-x,36823287,"Vaccines have been a key tool in stemming the tide of the COVID-19 pandemic. The rapid development of effective vaccines against COVID-19, together with their regulatory approval and wide scale distribution has been achieved in an impressively short period thanks to the intense efforts of many. In parallel to vaccine development, the EU considered it important to prepare for the independent control of the COVID-19 vaccines, including testing, to help ensure that only vaccines that comply with the approved quality requirements reach the public and to help improve/increase public confidence in t",
91,pubmed,Strengthening clinical development activities and preparedness for vaccine manufacturers from emerging countries: Results of a survey.,2023,Vaccine: X,10.1016/j.jvacx.2022.100255,36654839,"Vaccine development, in most cases, is a long, complex process, often lasting years and involving a combination of public and private stakeholders. Particularly, the vaccine clinical development process is highly regulated by several guidelines, regulatory pathways and science-based recommendations from experts. Designing and executing a successful clinical development plan for any candidate vaccine requires a solid scientific, medical, operational and regulatory knowledge and expertise, to comply with regulations and assure adequate benefit-risk balance for the product to be used in mass vacc",
92,pubmed,"Meeting report: Advancing accelerated regulatory review with Real-Time Oncology Review (RTOR), Project Orbis, and the Product Quality Assessment Aid.",2022,AAPS open,10.1186/s41120-022-00066-1,36530577,"The American Association of Pharmaceutical Scientists (AAPS) Chemistry, Manufacturing, and Controls (CMC) Community hosted two virtual panel discussions focusing on several novel regulatory review pathways for innovative oncology products: Real-Time Oncology Review (RTOR), Project Orbis, and the Product Quality Assessment Aid (PQAAid). The panel sessions were held on August 27, 2021, for the discussion of RTOR, and January 21, 2022, for the discussion of Project Orbis and the PQAAid. Both panel sessions included representatives from the US Food and Drug Administration (FDA) and subject matter ",
93,pubmed,Assessment of serological responses following vaccination campaigns with type 2 novel oral polio vaccine: a population-based study in Tajikistan in 2021.,2022,The Lancet. Global health,10.1016/S2214-109X(22)00412-0,36400086,"Novel oral poliovirus vaccine type 2 (nOPV2) was used to control an outbreak of type 2 circulating vaccine derived poliovirus (cVDPV2) in Tajikistan, in 2021. We measured seroconversion and seroprevalence of type 2 polio antibodies in children who were reported to have received two doses of nOPV2 in outbreak response campaigns. In this community serosurvey, children born after Jan 1, 2016 were enrolled from seven districts in Tajikistan. Dried blood spot cards were collected before nOPV2 campaigns and after the first and second rounds of the campaigns and were sent to the Centers for Disease C",
94,pubmed,Regulatory Reform Outcomes and Accelerated Regulatory Pathways for New Prescription Medicines in Australia.,2023,Therapeutic innovation & regulatory science,10.1007/s43441-022-00465-2,36271207,"National Regulatory Authorities (NRAs) globally are facing the challenge of evaluating pharmaceutical products in a speedy manner, whilst simultaneously ensuring adequate efficacy, safety and quality of approved products. Additionally, common expectations include that the evaluation process is competent, flexible, commensurate with risk, efficient and rapid. In 2014, the Australian regulatory system was out of step with global regulatory developments which led to a comprehensive regulatory review and reform process. As part of the reforms, two Facilitated Regulatory Pathways (FRP) were develop",
95,pubmed,"Lot-to-lot consistency of a hexavalent DTwP-IPV-HB-PRP∼T vaccine and non-inferiority to separate DTwP-HB-PRP∼T and IPV antigen-matching vaccines at 6-8, 10-12, and 14-16 weeks of age co-administered with oral rotavirus vaccine in healthy infants in India: A multi-center, randomized, controlled study.",2022,Vaccine: X,10.1016/j.jvacx.2022.100216,36164460,"Combination vaccines reduce the number of pediatric injections but must be as safe, immunogenic, and effective as each of the individual vaccines given separately. Additionally, consistency in manufacturing lots is essential for WHO prequalification. This study aimed to establish the lot-to-lot consistency of a fully liquid, hexavalent diphtheria (D)-tetanus (T)-whole-cell pertussis (wP)-inactivated poliovirus (IPV)-hepatitis B (HB)- A Phase III, randomized, active-controlled, and open-label study was conducted at multiple centers across India. Healthy infants who had received a birth dose of ",
96,pubmed,A novel tool to eradicate an ancient scourge: the novel oral polio vaccine type 2 story.,2023,The Lancet. Infectious diseases,10.1016/S1473-3099(22)00582-5,36162417,"The recent detection of vaccine-derived poliovirus (VDPV) in London (UK) and a case of paralytic polio in New York (USA) have highlighted how the scourge of poliomyelitis has not been totally overcome and remains an international problem, not confined to Afghanistan and Pakistan (where wild-type 1 poliovirus remains endemic) or as outbreaks of circulating VDPV in countries in Africa. To address the risk of circulating VDPVs, a global collaborative effort over the past decade has enabled the development of novel oral polio vaccine type 2 (nOPV2) that is as immunogenic as the current Sabin strai",
97,pubmed,Collaborative reliance in medicine safety and quality regulation: Investigation of experiences in handling N-nitrosamine impurities among ZaZiBoNa participating countries.,2025,Frontiers in medicine,10.3389/fmed.2022.975032,36160156,"The presence of N-nitrosamine impurities in medicines raised concerns globally as they are genotoxic and probable human carcinogens. A review of N-nitrosamine impurities in medicines provides an opportunity for National Regulatory Authorities (NRAs) to ensure that corrective and preventive actions are applied so that safe and good quality medicines are made available to the public. This study aimed to investigate the experiences on reviews conducted by NRAs from various Southern African Development Community countries which participate in the regional work-sharing forum, ZaZiBoNa, on the quali",
98,pubmed,The clinical effect of point-of-care HIV diagnosis in infants: a systematic review and meta-analysis.,2022,"Lancet (London, England)",10.1016/S0140-6736(22)01492-1,36116479,"Timely diagnosis and treatment of HIV is crucial in HIV-exposed infants to prevent the high rates of mortality seen during the first 2 years of life if HIV is untreated. However, challenges with sample transportation, testing, and result delivery to caregivers have led to long delays in treatment initiation. We aimed to compare the clinical effect of point-of-care HIV testing versus laboratory-based testing (standard of care) in HIV-exposed infants. We did a systematic review and meta-analysis and searched PubMed, MEDLINE, Cochrane Central Register of Controlled Trials, Embase, Conference Proc",
99,pubmed,Experience of Rural Family Caregivers for Older Adults in Co-Residential Family Care Arrangements in Central Ethiopia: Motives of Family Caregivers in Reciprocal Relationship.,2022,Patient preference and adherence,10.2147/PPA.S378153,36090123,"This study aimed to describe the experience of rural family caregivers' motive to care for older adults in rural Ethiopia. We used a descriptive phenomenological study method. Data from semi-structured interviews with purposively sampled caregivers were inductively coded and developed into themes. Mechanisms were used to increase the trustworthiness of the study. The main theme that emerged from the data as motives for caregiving for rural older adults are traditional norms of filial responsibility and indebtedness, religious values, quality of a relationship, and older adults' reciprocity mat",
100,pubmed,Regulatory reliance pathways during health emergencies: enabling timely authorizations for COVID-19 vaccines in Latin America.,2022,Revista panamericana de salud publica = Pan American journal of public health,10.26633/RPSP.2022.115,36060200,"To map the timing and nature of regulatory reliance pathways used to authorize COVID-19 vaccines in Latin America. An observational study was conducted assessing the characteristics of all COVID-19 vaccine authorizations in Latin America. For every authorization it was determined whether reliance was used in the authorization process. Subgroups of reference national regulatory authorities (NRAs) and non-reference NRAs were compared. 56 authorizations of 10 different COVID-19 vaccines were identified in 18 countries, of which 25 (44.6%) used reliance and 12 (21.4%) did not. For the remaining 19",
101,pubmed,Women Physicians in Academic Medicine of Japan.,2022,JMA journal,10.31662/jmaj.2021-0116,35992278,"Japan is a well-qualified country in promoting scientific advancement, but female scientists are too few in academic medicine positions. The government of Japan announced that the share of women in leadership positions accounted to at least 30% by 2020 in all fields in society. The number of female students also increased, but it was not much higher than other Organisation for Economic Co-operation and Development (OECD) countries. Women students always have higher passing frequencies in national examination for medical practitioners in Japan. The potential gap between physician gender and aca",
102,pubmed,Regulatory reliance for convergence and harmonisation in the medical device space in Asia-Pacific.,2022,BMJ global health,10.1136/bmjgh-2022-009798,35985696,"While some sort of regulatory convergence and harmonisation are often needed for achieving regulatory reliance, in reality, regulatory reliance as a strategy towards convergence and harmonisation has never been more significant in Asia-Pacific (APAC). A sustained, rapid and large-scale provision of medical devices, including articles and apparatus used in diagnosis, care, treatment or prevention of disease and softwares, etc, across national boundaries, is the key to winning the fight against future pandemics and improving people's well-being in such a populous and geographically diverse regio",
103,pubmed,Understanding US Physician and Pharmacist Attitudes Toward Biosimilar Products: A Qualitative Study.,2022,"BioDrugs : clinical immunotherapeutics, biopharmaceuticals and gene therapy",10.1007/s40259-022-00545-7,35962911,"Biosimilars account for 30-40% of biologic medications dispensed in the United States (US), yet healthcare providers in relevant medical specialties have limited awareness of biosimilars and their characteristics. Likewise, many providers perceive biosimilars as less safe and effective than original biologics and are more comfortable prescribing original biologics to patients. We conducted in-person focus groups at three clinical sites in California and Texas (n = 49) to explore the reasons behind US healthcare providers' limited understanding of, cautious attitudes toward, and reluctance to p",
104,pubmed,Reliance is key to effective access and oversight of medical products in case of public health emergencies.,2022,Expert review of clinical pharmacology,10.1080/17512433.2022.2088503,35945703,"Responding to new threats and public health emergencies (PHE) creates serious challenges to regulators. The pandemic due to SARS-CoV-2 has been the catalyzer for change in global and local regulatory practices. Intensified collaboration, rapid and coordinated actions, and reliance mechanisms were key elements of the regulators' response to COVID-19 for all regulatory functions. This article presents how collaboration and reliance among regulators were crucial tools for the regulatory responses to COVID-19, describes the reliance approaches for authorization of COVID-19 vaccines and other commo",
105,pubmed,Project Orbis: the UK experience after 1 year.,2022,The Lancet. Oncology,10.1016/S1470-2045(22)00377-1,35901819,,
106,pubmed,Evaluation of the Effectiveness and Efficiency of the East African Community Joint Assessment Procedure by Member Countries: The Way Forward.,2022,Frontiers in pharmacology,10.3389/fphar.2022.891506,35865962,,
107,pubmed,"Cooperation Agreements, Memorandums of Understanding, and Letters of Intent as Instruments to Facilitate the Implementation of Reliance in Latin America.",2022,Clinical therapeutics,10.1016/j.clinthera.2022.06.005,35798570,"For more than a decade, the World Health Organization, Pan American Health Organization, Pan-American Network or Drug Regulatory Harmonization, and the International Conference of Drug Regulatory Authorities, have encouraged regulators to adopt reliance and recognition pathways to reduce duplication, improve efficiency and efficacy, and strengthen regulatory capabilities, in order to facilitate marketing authorization approval, thereby maintaining supply chain integrity. Several factors have limited the more widespread implementation of reliance pathways in Latin America, among which is having",
108,pubmed,Rotaviruses: From Pathogenesis to Disease Control-A Critical Review.,2022,Viruses,10.3390/v14050875,35632617,"Since their first recognition in human cases about four decades ago, rotaviruses have remained the leading cause of acute severe dehydrating diarrhea among infants and young children worldwide. The WHO prequalification of oral rotavirus vaccines (ORV) a decade ago and its introduction in many countries have yielded a significant decline in the global burden of the disease, although not without challenges to achieving global effectiveness. Poised by the unending malady of rotavirus diarrhea and the attributable death cases in developing countries, we provide detailed insights into rotavirus bio",
109,pubmed,Regulatory Authority Evaluation of the Effectiveness and Efficiency of the ZaZiBoNa Collaborative Medicines Registration Initiative: The Way Forward.,2022,Frontiers in medicine,10.3389/fmed.2022.898743,35547217,"ZaZiBoNa, the work-sharing initiative in the Southern African Development Community (SADC) that has been in operation for 8 years has successfully assessed over 300 dossiers/applications, with an overall median time to recommendation of 12 months. All 16 SADC countries participate in the initiative as either active or non-active members. While the successes of ZaZiBoNa are evident, some challenges still exist. The aim of this study was to solicit the views of the participating authorities on the effectiveness and efficiency of the current operating model of the ZaZiBoNa initiative. Data were c",
110,pubmed,Pharmaceutical Industry Evaluation of the Effectiveness and Efficiency of the ZaZiBoNa Collaborative Medicines Registration Initiative: The Way Forward.,2023,Frontiers in medicine,10.3389/fmed.2022.898725,35547215,"The common technical document (CTD) format harmonised the requirements for the registration of medicines, which had traditionally differed from country to country, making it possible for countries to collaborate and conduct joint reviews of applications. One such collaborative medicines registration initiative is the Southern African Development Community ZaZiBoNa, established in 2013. A recent study was carried out with the nine active member regulatory authorities of the ZaZiBoNa to determine their views on its operational effectiveness and efficiency. Having obtained the authorities' views,",
111,pubmed,Delay in Vaccine Access in ASEAN Countries.,2022,International journal of environmental research and public health,10.3390/ijerph19073786,35409470,"Background: The introduction of new vaccines has been delayed in some countries in the Asia-Pacific region, which has led to delays in accessing vaccines for target patients. However, the approval lag of vaccines in the Asia-Pacific region has not been assessed. The objective of this study is to assess the availability and approval lag of vaccines in Asia-Pacific countries and compare them among Asia-Pacific countries, the United States (US), and Europe (EU). Methods: The information on vaccines prequalified by the World Health Organization (WHO) between 2010 and 2019 was obtained primarily fr",
112,pubmed,How to accelerate the supply of vaccines to all populations worldwide? Part II: Initial industry lessons learned and detailed technical reflections leveraging the COVID-19 situation.,2022,Vaccine,10.1016/j.vaccine.2021.12.038,35180994,"Vaccine discovery and vaccination against preventable diseases are one of most important achievements of the human race. While medical, scientific & technological advancements have kept in pace and found their way into treatment options for a vast majority of diseases, vaccines as a prevention tool in the public health realm are found languishing in the gap between such innovations and their easy availability/accessibility to vulnerable populations. This paradox has been best highlighted during the unprecedented crisis of the COVID-19 pandemic. As part of a two series publication on the vaccin",
113,pubmed,How to accelerate the supply of vaccines to all populations worldwide? Part I: Initial industry lessons learned and practical overarching proposals leveraging the COVID-19 situation.,2022,Vaccine,10.1016/j.vaccine.2021.11.098,35180993,"The COVID-19 pandemic has shown itself to be an unprecedented challenge for vaccines which are widely recognized as the most important tool to exit this pandemic. We have witnessed vaccine scientists, developers, manufacturers, and stakeholders deliver several vaccines in just about a year. This is an unprecedented achievement in an environment that was not ready to manage such a global public health crisis. Indeed, the pandemic has highlighted some hurdles that need to be addressed in the system in order to streamline the regulatory processes and be in a situation where life-saving pharmaceut",
114,pubmed,Estimating need and coverage for five priority assistive products: a systematic review of global population-based research.,2022,BMJ global health,10.1136/bmjgh-2021-007662,35101862,"To improve access to assistive products (APs) globally, data must be available to inform evidence-based decision-making, policy development and evaluation, and market-shaping interventions. This systematic review was undertaken to identify studies presenting population-based estimates of need and coverage for five APs (hearing aids, limb prostheses, wheelchairs, glasses and personal digital assistants) grouped by four functional domains (hearing, mobility, vision and cognition). Data including 656 AP access indicators were extracted from 207 studies, most of which (n=199, 96%) were cross-secti",
115,pubmed,Biosimilar development and review process in the BRICS-TM countries: Proposal for a standardized model to improve regulatory performance.,2022,Expert review of clinical pharmacology,10.1080/17512433.2022.2034498,35078378,"The current study is aimed at proposing a standardized regulatory model for biosimilar development and approval for adoption by BRICS-TM agencies, based on evaluation of regulatory guidelines and potential solutions to challenges. An established validated questionnaire was used and the recommendations were collated. Propositions deemed critical for improving the regulatory pathway for biosimilar development were synthesized to design a new regulatory model. The key areas for improvement in BRICS-TM countries were: effective implementation of a step-wise approach; adoption of science-based regu",
116,pubmed,Applying market shaping approaches to increase access to assistive technology in low- and middle-income countries.,2022,Assistive technology : the official journal of RESNA,10.1080/10400435.2021.1991050,34951822,"Development outcomes are inextricably linked to the health of the marketplace that delivers products and services to people in low- and middle-income countries (LMIC). Shortcomings in the market for assistive technology (AT) contribute to low access in LMIC. Market shaping is aimed at improving a market's specific outcomes, such as access to high quality, affordable AT, by targeting the root causes of these shortcomings. The paper summarizes the findings of market analyses conducted under the UK aid funded AT2030 programme in support of ATscale and aims to discuss how market shaping can help m",
117,pubmed,"Safety and immunogenicity of the Vi-DT typhoid conjugate vaccine in healthy volunteers in Nepal: an observer-blind, active-controlled, randomised, non-inferiority, phase 3 trial.",2022,The Lancet. Infectious diseases,10.1016/S1473-3099(21)00455-2,34942090,"Typhoid fever is an endemic disease in many low-income and middle-income countries. The 2018 WHO position paper recommends that countries should consider typhoid vaccination in high-risk groups and for outbreak control. To address the typhoid vaccine supply and demand gap, a typhoid Vi polysaccharide-diphtheria toxoid (Vi-DT) conjugate vaccine development effort was undertaken to achieve WHO prequalification and contribute to the global supply of typhoid conjugate vaccine. The main aim of this study was to show immune non-inferiority of the Vi-DT vaccine compared with the WHO prequalified Vi p",
118,pubmed,Global access to existing and future antimicrobials and diagnostics: antimicrobial subscription and pooled procurement.,2022,The Lancet. Global health,10.1016/S2214-109X(21)00463-0,34914900,"The COVID-19 pandemic has underlined the importance of an efficient and equitable supply of and access to essential health products. These factors are equally pertinent to the antimicrobial resistance pandemic, in which access to a portfolio of existing and pipeline antimicrobials plus complementary diagnostics is crucial. This Viewpoint focuses on market shaping in low-income and middle-income countries (LMICs), where the need for effective antimicrobials and complementary diagnostics is most acute. We propose the creation of a subscription and pooled procurement model that consolidates the g",
119,pubmed,"Data, Temporary Monopolies and Biosimilar Development.",2021,Journal of law and medicine,,34907685,Biosimilars facilitate access to the lifesaving and life-changing effects of biologics through reduced prices. Against the increasing uptake of biosimilars in coming years it is important to consider some of the regulatory levers governments use to promote biosimilar uptake and use. Data exclusivity is one of these levers. This article shows that data exclusivity is essential to biosimilar development and therefore should be viewed as a right given to biosimilar manufacturers rather than as it is usually framed: a right given to originator biologic manufacturers. Without the benefit of data ex,
120,pubmed,Multi-site comparison of factors influencing progress of African insecticide testing facilities towards an international Quality Management System certification.,2021,PloS one,10.1371/journal.pone.0259849,34780512,"Insecticidal mosquito vector control products are vital components of malaria control programmes. Test facilities are key in assessing the effectiveness of vector control products against local mosquito populations, in environments where they will be used. Data from these test facilities must be of a high quality to be accepted by regulatory authorities, including the WHO Prequalification Team for vector control products. In 2013-4, seven insecticide testing facilities across sub-Saharan Africa, with technical and financial support from Innovative Vector Control Consortium (IVCC), began develo",
121,pubmed,Emergent Homecare Models Are Shaping Care in England: An Ethnographic Study of Four Distinct Homecare Models.,2021,Advances in health care management,10.1108/S1474-823120210000020001,34779190,"This chapter addresses the grand challenge of an aging society and the subsequent growing demand for in-home care for the elderly - often referred to as homecare. It examines how emergent homecare models in England differ from the ""time and task"" model and how they are shaping the care market. These models offer new approaches regarding what, how, and when care is delivered at home. Homecare providers face rising demand driven not only by population aging but also by market demand for personalized care, choice, continuity of care, and real-time availability. The landscape presents an opportuni",
122,pubmed,"Every Country, Every Family: Time to Act for Group B Streptococcal Disease Worldwide.",2022,Clinical infectious diseases : an official publication of the Infectious Diseases Society of America,10.1093/cid/ciab859,34725691,"The global burden of Group B Streptococcus (GBS) was estimated for 2015 prompting inclusion of GBS as a priority in the Global Meningitis Roadmap. New estimates for the year 2020 and a WHO report analysing the full value of GBS maternal vaccines has been launched to advance evidence based decision making for multiple stakeholders. In this first of a 10-article supplement, we discuss the following (1) gaps in evidence and action, (2) new evidence in this supplement, and (3) what actions can be taken now and key research gaps ahead. We call for investment in the research pipeline, notably descri",
123,pubmed,U.S. FDA Drug Approvals for Breast Cancer: A Decade in Review.,2022,Clinical cancer research : an official journal of the American Association for Cancer Research,10.1158/1078-0432.CCR-21-2600,34711632,"Over the last decade, the treatment of patients with breast cancer has been greatly impacted by the approval of multiple drugs and indications. This summary describes 30 FDA approvals of treatments for breast cancer from 2010 to 2020. The trial design endpoints, results, and regulatory considerations are described for each approved indication. Of the 30 indications, 23 (76.6%) received regular and 7 (23.3%) received accelerated approval. Twenty-six approvals were granted in metastatic breast cancer (MBC) and four in early breast cancer. Approval decisions for the 26 MBC indications were initia",
124,pubmed,U.S. FDA Drug Approvals for Gynecological Malignancies: A Decade in Review.,2022,Clinical cancer research : an official journal of the American Association for Cancer Research,10.1158/1078-0432.CCR-21-2599,34711631,"Over the last decade, there has been tremendous progress in the treatment of patients with gynecologic cancers with a changing therapy landscape. This summary provides an overview of U.S. Food and Drug Administration (FDA) approvals for gynecologic cancers from 2010 to 2020, totaling 17 new indications. For each of the approved indications, endpoints, trial design, results, and regulatory considerations are outlined. Among these 17 indications, six received accelerated approval (AA) and 11 received regular approval (RA). As of September 2021, of the six AA, three have subsequently demonstrated",
125,pubmed,Editorial: Global Regulatory Initiatives Deliver Accelerated Approval of the First Bispecific Therapeutic Monoclonal Antibody for Advanced Non-Small Cell Lung Cancer (NSCLC).,2021,Medical science monitor : international medical journal of experimental and clinical research,10.12659/MSM.934854,34565792,"The coronavirus disease 2019 (COVID-19) pandemic has affected the number of completed clinical trials, particularly in oncology. Between 80-85% of all lung cancers are non-small cell lung cancer (NSCLC), and of these, between 2-3% have an EGFR exon 20 insertion, which is associated with increased cell proliferation, metastasis, and a lack of response to chemotherapy and epidermal growth factor receptor (EGFR) inhibitors. Until this year, there were no available targeted therapies for advanced NSCLC with this genetic subtype. However, in May 2021, the US Food and Drug Administration (FDA) grant",
126,pubmed,Evaluation of the Review Models and Approval Timelines of Countries Participating in the Southern African Development Community: Alignment and Strategies for Moving Forward.,2024,Frontiers in medicine,10.3389/fmed.2021.742200,34513894,,
127,pubmed,Evaluation of the Good Review Practices of Countries Participating in the Southern African Development Community: Alignment and Strategies for Moving Forward.,2024,Frontiers in medicine,10.3389/fmed.2021.742181,34513893,,
128,pubmed,Factors influencing the detection of treatable epileptogenic lesions on MRI. A randomized prospective study.,2021,Neurological research and practice,10.1186/s42466-021-00142-z,34365971,"To prospectively analyze factors associated with detecting epileptogenic lesions on MRI within the work-sharing process of neurologists, epileptologists, radiologists and neuroradiologists. We assembled four sets of six MRI scans, each set representing five typical epileptogenic lesions (hippocampal sclerosis or limbic encephalitis; focal cortical dysplasias; periventricular nodular or other heterotopias; long-term epilepsy associated tumors; gliotic scar, hemosiderin or cavernoma), and non - lesional epilepsy. At professional conferences, we invited neurologists, epileptologists, radiologists",
129,pubmed,Barriers To US Biosimilar Market Growth: Lessons From Biosimilar Patent Litigation.,2021,Health affairs (Project Hope),10.1377/hlthaff.2020.02484,34339242,"High biologic drug prices have placed substantial strain on the US health care system. The Biologics Price Competition and Innovation Act (BPCIA), passed in 2010 as part of the Affordable Care Act, created an abbreviated approval pathway for biosimilars-versions of ""originator"" biologic drugs made by different manufacturers-to help address this issue. However, a decade after its passage, the BPCIA has spurred only limited competition. We examined the role that litigation has played in this muted success, reviewing all lawsuits related to the BPCIA filed between its enactment and August 1, 2020",
130,pubmed,A pragmatic regulatory approach for complex generics through the U.S. FDA 505(j) or 505(b)(2) approval pathways.,2021,Annals of the New York Academy of Sciences,10.1111/nyas.14662,34296458,"The diverse nature of complex drug products poses challenges for the development of regulatory guidelines for generic versions. While complexity is not new in medicines, the technical capacity to measure and analyze data has increased. This requires a determination of which measurements and studies are relevant to demonstrate therapeutic equivalence. This paper describes the views of the NBCD Working Group and provides pragmatic solutions for approving complex generics by making best use of existing U.S. Food and Drug Administration's abbreviated approval pathways 505(j) and 505(b)(2). We argu",
131,pubmed,Global regulatory progress in delivering on the promise of gene therapies for unmet medical needs.,2021,Molecular therapy. Methods & clinical development,10.1016/j.omtm.2021.04.001,33997101,"The rapid expansion of the gene therapy pipeline in recent years offers significant potential to treat diseases with great unmet medical need. However, the unique nature of these therapies poses challenges to regulating them within traditional frameworks, even when developing in a single country. Various factors exacerbate the issues in commercializing products across regions, including the lack of established regulatory frameworks for developing gene therapy products in many jurisdictions. While some countries have established separate regulatory frameworks for advanced therapies/regenerative",
132,pubmed,A Market Shaping Approach for the Biopharmaceutical Industry: Governing Innovation Towards the Public Interest.,2021,"The Journal of law, medicine & ethics : a journal of the American Society of Law, Medicine & Ethics",10.1017/jme.2021.8,33966657,"Enhancing research and development and ensuring equitable pricing and access to cutting-edge treatments are both vital to a biopharmaceutical innovation system that works in the public interest. However, despite delivering numerous therapeutic advances, the existing system suffers from major problems: a lack of directionality to meet key needs, inefficient collaboration, high prices that fail to reflect the public contribution, and an overly-financialized business model.",
133,pubmed,Regulatory reliance to approve new medicinal products in Latin American and Caribbean countries.,2022,Revista panamericana de salud publica = Pan American journal of public health,10.26633/RPSP.2021.10,33859678,"To describe the current status of regulatory reliance in Latin America and the Caribbean (LAC) by assessing the countries' regulatory frameworks to approve new medicines, and to ascertain, for each country, which foreign regulators are considered as trusted regulatory authorities to rely on. Websites from LAC regulators were searched to identify the official regulations to approve new drugs. Data collection was carried out in December 2019 and completed in June 2020 for the Caribbean countries. Two independent teams collected information regarding direct recognition or abbreviated processes to",
134,pubmed,Increasing access to quality anticancer medicines in low- and middle-income countries: the experience of Uganda.,2021,"Future oncology (London, England)",10.2217/fon-2021-0117,33855863,"Cancer is one of the leading causes of death with 9.6 million deaths registered in 2018, of which 70% occur in Africa, Asia and Central and South America, the low-and middle-income countries (LMICs). The global annual expenditure on anticancer medicines increased from $96 billion in 2013 to $133 billion in 2017. This growth rate is several folds that of newly diagnosed cancer cases and therefore estimated to reach up to $200 billion by 2022. The Uganda Cancer Institute, Uganda's national referral cancer center, has increased access to cancer medicines through an efficient and cost-saving procu",
135,pubmed,"A Lay-User Assessment of Hepatitis C Virus Self-Testing Device Usability and Interpretation in Johannesburg, South Africa.",2021,"Diagnostics (Basel, Switzerland)",10.3390/diagnostics11030463,33800060,"Only 20% of people with hepatitis C virus (HCV) know their status. In low-income countries diagnosis is under 10%. Self-testing for HCV antibodies (HCVST) could expand the coverage of HCV testing services. Currently, there are no stringent regulatory authority (SRA) approved HCVSTs, therefore lay-user usability of three prototype kits was assessed. This was a cross-sectional observational study conducted with 171 (CareStart n = 60, Bioline n = 52, First Response n = 59) participants. Participants were given one of the three HCVST kits with only instructions for use (IFU) and asked to perform t",
136,pubmed,Private health care market shaping and changes in inequities in childhood diarrhoea treatment coverage: evidence from the analysis of baseline and endline surveys of an ORS and zinc scale-up program in Nigeria.,2021,International journal for equity in health,10.1186/s12939-021-01425-2,33789694,"Nearly 90,000 under-five children die from diarrhoea annually in Nigeria. Over 90% of the deaths can be prevented with oral rehydration salt (ORS) and zinc treatment but coverage nationally was less than 34% for ORS and 3% for zinc with wide inequities. A program was implemented in eight states to address critical barriers to the optimal functioning of the health care market to deliver these treatments. In this study, we examine changes in the inequities of coverage of ORS and zinc over the intervention period. Baseline and endline household surveys were used to measure ORS and zinc coverage a",
137,pubmed,Time out of cell and time in purposeful activity and adverse mental health outcomes amongst people in prison: a literature review.,2021,International journal of prisoner health,10.1108/IJPH-06-2020-0037,33634654,"The purpose of this study is to synthesise the available peer-reviewed literature on the impact of time out of cell (TOOC) and time in purposeful activity (TIPA) on adverse mental outcomes amongst people in prison. The outcomes of interest of this literature review were mental health, suicide, deliberate self-harm (DSH) and violence. Exposures of interest were TOOC, TIPA or a partial or indirect measure of either. In total, 14 studies were included. An abbreviated review methodology was used because of time constraints. There was consistent evidence of an association between lower TOOC and TIP",
138,pubmed,"Option-based guarantees to accelerate urgent, high-risk vaccines: a new market-shaping approach.",2021,F1000Research,10.12688/f1000research.26482.2,33500777,"Accelerating the availability of COVID-19 vaccines is critical to preventing further waves and mitigating the impact on society. However, preparations for large-scale manufacturing, such as building production facilities, are typically delayed until a vaccine is proven safe and effective. This makes sense from a commercial perspective, but incurs great costs in terms of lives lost and damage to the economy. Several policy options are available to reduce this delay, all of which involve incentives or subsidies to invest in production facilities. We review existing approaches, then propose a nov",
139,pubmed,What have we learned about positive changes experienced during COVID-19 lockdown? Evidence of the social patterning of change.,2021,PloS one,10.1371/journal.pone.0244873,33400700,"Multiple studies have highlighted the negative impact of COVID-19 and its particular effects on vulnerable sub-populations. Complementing this work, here, we report on the social patterning of self-reported positive changes experienced during COVID-19 national lockdown in Scotland. The CATALYST study collected data from 3342 adults in Scotland during weeks 9-12 of a national lockdown. Using a cross-sectional design, participants completed an online questionnaire providing data on key sociodemographic and health variables, and completed a measure of positive change. The positive change measure ",
140,pubmed,"Initial success from a public health approach to hepatitis C testing, treatment and cure in seven countries: the road to elimination.",2021,BMJ global health,10.1136/bmjgh-2020-003767,33328200,"With political will, modest financial investment and effective technical assistance, public sector hepatitis C virus (HCV) programmes can be established in low- and middle-income countries as a first step towards elimination. Seven countries, with support from the Clinton Health Access Initiative (CHAI) and partners, have expanded access to HCV treatment by combining programme simplification with market shaping to reduce commodity prices. CHAI has supported a multipronged approach to HCV programme launch in Cambodia, India, Indonesia, Myanmar, Nigeria, Rwanda and Vietnam including pricing nego",
141,pubmed,"Evaluating the Success of ZaZiBoNa, the Southern African Development Community Collaborative Medicines Registration Initiative.",2021,Therapeutic innovation & regulatory science,10.1007/s43441-020-00154-y,33258094,"The Southern African Development Community (SADC) collaborative medicines registration initiative ZaZiBoNa is a successful regional work-sharing initiative on the African continent. This paper reviews the history of the ZaZiBoNa initiative, reflects on what has been realized in six years of operation and what still needs to be achieved. Statistics for the work done by the initiative are available in the literature, but there has not been a critical review of the process, including an analysis of factors contributing to the success of the initiative and conversely those negatively affecting per",
142,pubmed,A qualitative study of biosimilar manufacturer and regulator perceptions on intellectual property and abbreviated approval pathways.,2020,Nature biotechnology,10.1038/s41587-020-0717-7,33144720,,
143,pubmed,Project Orbis: Global Collaborative Review Program.,2021,Clinical cancer research : an official journal of the American Association for Cancer Research,10.1158/1078-0432.CCR-20-3292,33037016,"In 2019, the FDA Oncology Center of Excellence launched Project Orbis, a global collaborative review program to facilitate faster patient access to innovative cancer therapies across multiple countries. Project Orbis aims for concurrent submission, review, and regulatory action for high-impact clinically significant marketing applications among the participating partner countries. Current Project Orbis partners (POP) include the regulatory health authorities (RHA) of Australia, Brazil, Canada, Singapore, and Switzerland. Project Orbis leverages the existing scientific and regulatory partnershi",
144,pubmed,Levonorgestrel release rates measured through analysis of two-rod contraceptive explants.,2022,Contraception: X,10.1016/j.conx.2020.100039,32995746,The objective was to characterize and compare in vivo rates of levonorgestrel (LNG) release from Sino-implant (II) and Jadelle® contraceptive implants. We sampled 48 Sino-implant (II) and 49 Jadelle® explant sets for residual LNG content from participants treated for up to 51 months in a randomized contraceptive efficacy trial in the Dominican Republic (DR). Additional Sino-implant (II) explants were obtained from 8 women who became pregnant in the DR trial and 10 who contributed 3 to 5 years of use in a cohort study in China. Baseline LNG loads were estimated from five unused implant sets per,
145,pubmed,Alignment in post-approval changes (PAC) guidelines in emerging countries may increase timely access to vaccines: An illustrative assessment by manufacturers.,2020,Vaccine: X,10.1016/j.jvacx.2020.100075,32995745,"A comparison of the regulations and guidelines from 33 countries, across different regions, on the requirements and procedures for the management of chemical, manufacturing and control (CMC) changes for vaccines, also known as post- approval changes (PACs), reveals significant variability and lack of predictability of timelines for regulatory review and approval. These shortcomings imply that multiple data packages have to be prepared for submission to different authorities, generating a complex regulatory environment. Moreover, the timelines for approval by individual national regulatory auth",
146,pubmed,Collective market shaping by competitors and its contribution to market resilience.,2020,Journal of business research,10.1016/j.jbusres.2020.09.005,32958968,"Employing an inductive approach, we found that competitors engage in market shaping, where they actively change their market through their purposeful actions. These competitors shape their market from one characterized by competition to one of collaboration when facing disturbances, ultimately contributing to market resilience, with benefits to market actors. They achieve this through engaging in unique forms of work, which we have called 'resilience work' and its three associated practices, namely meshing, pooling, and deploying. The competitors engage in these practices, which provide for an",
147,pubmed,Public Risk-Taking and Rewards During the COVID-19 Pandemic - A Case Study of Remdesivir in the Context of Global Health Equity.,2022,International journal of health policy and management,10.34172/ijhpm.2020.166,32945638,"Public investment, through both research grants and university funding, plays a crucial role in the research and development (R&D) of novel health technologies, including diagnostics, therapies, and vaccines, to address the coronavirus disease 2019 (COVID-19) pandemic. Using the example of remdesivir, one of the most promising COVID-19 treatments, this paper traces back public contributions to different stages of the innovation process. Applying the Risk-Reward Nexus framework to the R&D of remdesivir, we analyse the role of the public in risk-taking and reward and address inequities in the bi",
148,pubmed,"[Rapid diagnosis of sexually transmitted infections : Joint statement of DSTIG, RKI, and PEI, as well as the reference centers for HIV, HBV, and HCV and consulting laboratories for Chlamydia, gonococci, and Treponema pallidum].",2020,"Bundesgesundheitsblatt, Gesundheitsforschung, Gesundheitsschutz",10.1007/s00103-020-03218-4,32930821,"In February 2019, the fourth expert meeting on rapid diagnostic tests (RDTs) for sexually transmitted infections (STI) was held at the Robert Koch Institute (RKI) in Berlin. Novel technical developments and new aspects of RDT applications were discussed by representatives from the German STI Society (DSTIG); RKI; the Paul Ehrlich Institute; national reference centers for HIV, HBV, and HCV; and reference laboratories for Chlamydia, gonococci, and Treponema pallidum.As a result of this meeting, we present a revision of the joint statement on STI diagnostics with RDTs from 2017. The Regulation (E",
149,pubmed,Stability of misoprostol tablets collected in Malawi and Rwanda: Importance of intact primary packaging.,2020,PloS one,10.1371/journal.pone.0238628,32877459,"Misoprostol is listed in the WHO essential medicines list and can be used for induction of labour, for prevention and treatment of post-partum haemorrhage, and for abortions. The compound is unstable, and substandard misoprostol preparations have been detected in low- and middle-income countries. We now investigated the stability of misoprostol tablets according to the international guidelines for stability testing of pharmaceutical products. Three brands (four batches) of misoprostol tablets were collected in Malawi and Rwanda: the originator product, a WHO-prequalified product, and a generic",
150,pubmed,Implementation of a Framework for an Abridged Review Using Good Reliance Practices: Optimising the Medicine Regulatory Review Process in South Africa.,2021,Therapeutic innovation & regulatory science,10.1007/s43441-020-00144-0,32865802,"This study sought to identify criteria and current practices for implementing an abridged review process and understanding barriers and enablers in utilizing reliance models and to offer recommendations for the implementation of an abridged review process in South Africa based on good reliance practices (GRelP). A questionnaire was completed by six national regulatory authorities (NRAs) to determine criteria and current practices for implementing an abridged review process. In addition, two focus group discussions were conducted on the practical implementation of an abridged review process bas",
151,pubmed,U.S. Food and Drug Administration: Initial Experience with the Real-Time Oncology Review Program.,2022,Clinical cancer research : an official journal of the American Association for Cancer Research,10.1158/1078-0432.CCR-20-2220,32816899,"The FDA Oncology Center of Excellence commenced the Real-Time Oncology Review (RTOR) pilot project in February 2018 to facilitate earlier submission of topline results and datasets to support an earlier start to the FDA application review. RTOR was initially begun to support supplemental drug applications to add new indications, dosing regimens, or other clinical information to the prescribing information, but was later expanded to include original new drug applications and biological license applications for new molecular entities (NME). From February 2018 to April 2020, RTOR was used to supp",
152,pubmed,The WHO Global Benchmarking Tool: a game changer for strengthening national regulatory capacity.,2021,BMJ global health,10.1136/bmjgh-2020-003181,32784212,"Many low-income and middle-income countries lack the capacity to effectively and efficiently regulate medical products in their countries. To support countries in strengthening their capacity, WHO has developed the Global Benchmarking Tool (GBT) as the global standard for objectively assessing regulatory capacity for medicines and vaccines. The GBT is a game changer because it is the first globally accepted tool for assessing and strengthening national regulatory authorities. The inclusion of an institutional development plan in the GBT methodology provides context-specific actionable steps co",
153,pubmed,Stability of Oxytocin Preparations in Malawi and Rwanda: Stabilizing Effect of Chlorobutanol.,2020,The American journal of tropical medicine and hygiene,10.4269/ajtmh.20-0255,32748770,"Oxytocin is used for the prevention and treatment of postpartum hemorrhage, the leading cause of maternal mortality in low- and middle-income countries. Because of the high instability of oxytocin, most products are labeled for storage at 2-8°C. Some other products are on the market which are labeled for non-refrigerated storage, but independent evaluations of their stability hardly exist. In the present study, seven brands (nine batches) of oxytocin were purchased from wholesalers and medical stores in Malawi and Rwanda and investigated by accelerated stability testing according to the ICH/WH",
154,pubmed,A survey of nongovernmental organizations on their use of WHO's prequalification programme.,2020,Bulletin of the World Health Organization,10.2471/BLT.19.233882,32514215,"To obtain the perspectives of some small- and medium-sized organizations on the World Health Organization (WHO) prequalification programme for medicines and to ascertain organizations' unmet needs. We conducted an exploratory, qualitative study in 2018 among 17 representatives of 15 small- and medium-sized Belgian and non-Belgian organizations who purchase medicines for humanitarian, development or public programmes in low- and middle-income countries. We used semi-structured interviews to obtain respondents' views and experiences of using WHO prequalification guidance when procuring medicines",
155,pubmed,"Testosterone, sex steroids, and aging in neurodegenerative disease after acquired brain injury: a commentary.",2021,Brain injury,10.1080/02699052.2020.1763461,32497444,"Traumatic brain injury (TBI) is associated with higher incidence of neurodegenerative disease and the effects of aging appear more pronounced after TBI. This paper examines the potential interaction of aging, TBI, and change in male testosterone production. An abbreviated review of literature documenting hypogonadism after TBI is provided. Potential mechanisms of endocrine dysgrasia associated with aging are reviewed as they relate and interact with endocrine change after TBI in males. These factors align to suggest the need for development of surveillance guidelines for male individuals livin",
156,pubmed,Recent trends in airway management.,2020,F1000Research,10.12688/f1000research.21914.1,32489647,"Clinical airway management continues to advance at a fast pace. To help update busy anesthesiologists, this abbreviated review summarizes notable airway management advances over the past few years. We briefly discuss advances in video laryngoscopy, in flexible intubation scopes, in jet ventilation, and in extracorporeal membrane oxygenation (ECMO). We also discuss noninvasive ventilation in the forms of high-flow nasal cannula apneic oxygenation and ventilation and nasal continuous positive airway pressure (CPAP) masks. Emerging concepts related to airway management, including the physiologica",
157,pubmed,"Medicines for Europe - 13th Pharmacovigilance Conference (January 29, 2020 - Amsterdam, the Netherlands).",2020,"Drugs of today (Barcelona, Spain : 1998)",10.1358/dot.2020.56.2.3140446,32163531,"This year, following the European Medicines Agency (EMA) relocation due to the Brexit process, the 13th Pharmacovigilance Conference organized by Medicines for Europe took place in Amsterdam, the Netherlands. The pharmaceutical industry is usually associated with the development and launch of new drugs for the market, but it is also committed to finding new ways of making existing drugs and processes (e.g., pharmacovigilance [PV]) more efficient and better for patients. In relation to this, a variety of topics were on the agenda at the conference, including updates on the progress of the Eudra",
158,pubmed,From potential to practice: how accelerating access to HPV tests and screen and treat programmes can help eliminate cervical cancer.,2020,Family medicine and community health,10.1136/fmch-2019-000182,32148728,"Human papillomavirus (HPV) vaccination campaigns to prevent cervical cancer are being considered and implemented in countries around the world. While vaccination will protect future generations, it will not help the millions of women currently infected, leading to an estimated 311 000 deaths per year globally. This paper examines a selection of strategies that when applied to both existing and new technologies, could accelerate access to HPV testing. Authors from the US Agency for International Development, the National Institutes of Health, and the Bridge to Health Medical and Dental, a non-g",
159,pubmed,Registration timelines of antiretroviral medicines in Ghana and Kenya.,2021,"AIDS (London, England)",10.1097/QAD.0000000000002514,32073445,": This study examines registration timelines of antiretroviral medicines (ARVs) in Ghana and Kenya, to assess whether prior reviews by the US Food and Drug Administration Tentative Approval or WHO prequalification (WHO/PQP) affect in-country approval timelines. Data were collected from online and national databases. Median in-country review period in Ghana was 9 months compared with 25 months in Kenya. ARVs with Tentative Approval and WHO/PQP status did not benefit from shorter in-country review periods.",
160,pubmed,A Proposed Framework for a Globally Applicable Pragmatic Approach to Using Facilitated Regulatory Pathways.,2021,Therapeutic innovation & regulatory science,10.1007/s43441-019-00029-x,32008253,"As regulatory agencies come under increased pressure to review medicines of critical importance through efficient regulatory systems to provide equitable access, the benefits of using expedited review pathways are being explored. These facilitated regulatory pathways (FRPs) provide a variety of review strategies that can also expedite assessments. Stringent regulatory authorities (SRAs) use primary FRPs to accelerate development or to shorten review time. Some emerging national regulatory authorities can implement primary FRPs but are more likely to use secondary FRPs that rely on or recognize",
161,pubmed,"Usability assessment of seven HIV self-test devices conducted with lay-users in Johannesburg, South Africa.",2020,PloS one,10.1371/journal.pone.0227198,31935228,"The first 90 of the 90-90-90 initiative introduced by the World Health Organization(WHO) in 2015 requires 90% of people with HIV be aware of their status by 2020. In South Africa, conventional facility-based testing had reached 84.9% in 2018; innovative new methods, like HIV self-testing(HIVST) may close the testing gap. This study aimed to determine the usability of seven HIVST kits among untrained South Africans. This cross-sectional study of 1400 adults in Johannesburg evaluated the usability of five blood fingerstick and two oral fluid HIVSTs, using WHO prequalification criteria, from June",
162,pubmed,Initiative for Promoting Affordable and Quality Tuberculosis Tests (IPAQT): a market-shaping intervention in India.,2020,BMJ global health,10.1136/bmjgh-2019-001539,31908854,"A majority of patients with tuberculosis (TB) in India are diagnosed and treated in the private sector. Yet, most private providers do not use most recent WHO-endorsed microbiological tests such as liquid cultures, line probe assays and Xpert MTB/RIF due to a combination of factors such as lack of awareness, misaligned incentives and high prices that are unaffordable for patients. We designed a market-based approach to transform a high-price, low-volume market equilibrium into a low-price, high-volume equilibrium to improve the uptake of these tests. Toward this end, a non-profit consortium of",
163,pubmed,Current and future cholera vaccines.,2021,Vaccine,10.1016/j.vaccine.2019.12.011,31879125,"Cholera remains a major global public health problem that is primarily linked to insufficient access to safe water and proper sanitation. Oral Cholera Vaccine (OCV) has been recommended as an additional public health tool along with WASH in cholera endemic countries and in areas at risk for outbreaks. The new generation OCV is safe and offers good protection in older children and adults while limited protection in younger children less than five years of age has been observed. The combination of direct vaccine protection and vaccine herd immunity effects makes OCV highly cost-effective and, th",
164,pubmed,[Licensing procedures for human vaccines in Germany and Europe and the WHO prequalification program].,2020,"Bundesgesundheitsblatt, Gesundheitsforschung, Gesundheitsschutz",10.1007/s00103-019-03059-w,31776598,"Vaccinations are amongst the most important and powerful preventive measures modern medicine has to offer. By their nature, vaccines represent a very complex class of biological medicines. Licensure of novel vaccines is a process conducted on the basis of a comprehensive set of well-defined legal and procedural requirements. The key aim of the regulatory evaluation of vaccines is to confirm their pharmaceutical quality, safety, and efficacy in order to conclude on the positive benefit/risk ratio that is an absolute prerequisite for granting a license.In Europe there exist four types of licensi",
165,pubmed,Generating the Evidence for Typhoid Vaccine Introduction: Considerations for Global Disease Burden Estimates and Vaccine Testing Through Human Challenge.,2020,Clinical infectious diseases : an official publication of the Infectious Diseases Society of America,10.1093/cid/ciz630,31612941,"Typhoid fever has had a major impact on human populations, with the causative pathogen Salmonella enterica serovar Typhi implicated in many outbreaks through history. The current burden of disease is estimated at 11-18 million infections annually, with the majority of infections located in Africa and South Asia. Data that have been used to estimate burden are limited to a small number of blood-culture surveillance studies, largely from densely populated urban centers. Extrapolating these data to estimate disease burden within and across countries highlights the lack of precision in global figu",
166,pubmed,Pharmacovigilance capacity strengthening for WHO prequalification: The case of the trivalent influenza vaccine manufactured by Instituto Butantan.,2020,Vaccine,10.1016/j.vaccine.2019.09.082,31590933,"Instituto Butantan is a biomedical research center and vaccine manufacturer affiliated with the São Paulo State Secretary of Health in Brazil. In 2013, Instituto Butantan successfully licensed its trivalent influenza vaccine, in order to support the Brazilian National Immunization Program's influenza vaccination strategy, which was introduced in 1999. In order to respond to the increasing influenza vaccine demand worldwide, Instituto Butantan is undergoing prequalification of its trivalent influenza vaccine by the World Health Organization (WHO). A key requirement of the prequalification revie",
167,pubmed,Access to insulin: applying the concept of security of supply to medicines.,2020,Bulletin of the World Health Organization,10.2471/BLT.18.217612,31551632,"Security of supply of medicines is fundamental to ensure health for all. Furthermore, improving access to medicines is included in sustainable development goal 3. However, the concept of security of supply has mostly been applied to food, water and energy. Diversity of supply, vulnerability to disruption, expenditure, infrastructure, stability of exporting countries, ownership of production, price stability, access and equity, affordability, intellectual property, safety and reliability of supply, and countries' capacity to adapt to market changes are all elements of security of supply. Based ",
168,pubmed,The art of partnerships for vaccines.,2020,Vaccine,10.1016/j.vaccine.2019.07.088,31447125,"The Developing Countries Vaccine Manufacturers Network (DCVMN) convened vaccine manufacturing experts and leaders from local and global public health organizations for its 19th Annual General Meeting. Lectures and panel discussions centered on international cooperation for better access to vaccines, and partnerships in areas ranging from vaccine research and process development, to clinical studies, regulatory, supply chain and emergency preparedness and response. Global vaccine market trends and changes that will impact vaccine financing and procurement methods were discussed as well as capit",
169,pubmed,Why Are Biosimilars Not Living up to Their Promise in the US?,2020,AMA journal of ethics,10.1001/amajethics.2019.668,31397662,"Biologics are among the most expensive prescription drugs in the United States, posing significant barriers to patient access to necessary treatments. An abbreviated approval pathway for biosimilars, near-identical versions of biologics made by different manufacturers, was created by Congress in 2010 to stimulate competition in hopes of driving down costs and expanding access. However, as of February 2019, only 17 biosimilars have been approved, with only 7 currently on the market. Of the few biosimilars currently available to patients, overall utilization has been limited. This article examin",
170,pubmed,Shaping markets to benefit global health - A 15-year history and lessons learned from the pentavalent vaccine market.,2020,Vaccine: X,10.1016/j.jvacx.2019.100033,31384748,"Market shaping for health products used in lower-income countries strives to benefit public health. As a funder of vaccines, Gavi, The Vaccine Alliance (Gavi) has goals for its market shaping efforts, achieved through a strategy developed and implemented by the Gavi Secretariat, UNICEF, the World Health Organization (WHO) and the Bill & Melinda Gates Foundation (BMGF). A case-study of Gavi's fifteen-year engagement with a vaccine against diphtheria, tetanus, pertussis, hepatitis B and ",
171,pubmed,Systematic review of the performance and clinical utility of point of care HIV-1 RNA testing for diagnosis and care.,2020,PloS one,10.1371/journal.pone.0218369,31246963,"Point of-care (POC) HIV-1 RNA tests which are accurate and easy to use with limited infrastructure are needed in resource-limited settings (RLS). We systematically reviewed evidence of POC test performance compared to laboratory-based HIV-1 RNA assays and the potential utility of these tests for diagnosis and care in RLS. Studies published up to July 2018 were identified by a search of PUBMED, EMBASE, Web of Science, CINAHL and Cochrane Central Register of Controlled Trials. Studies evaluating the use of POC HIV-1 RNA testing for early infant diagnosis (EID), acute HIV infection (AHI) diagnosi",
172,pubmed,"A randomized, open-labelled, non-inferiority phase 4 clinical trial to evaluate the immunogenicity and safety of the live, attenuated, oral rotavirus vaccine, ROTAVAC® in comparison with a licensed rotavirus vaccine in healthy infants.",2020,Vaccine,10.1016/j.vaccine.2019.05.069,31178377,"ROTAVAC® (nHRV), derived naturally from the human 116E rotavirus (RV) neonatal strain, was licensed in India in 2015 based on promising results of a phase 3, safety and efficacy vaccine trial. As a pre-requisite for WHO prequalification, we compared the immunogenicity and safety of ROTAVAC® to those of a WHO-prequalified, Rotarix®. We conducted a multicentre, open-labeled, randomized phase 4 clinical trial where 464 infants, 6-8 weeks of age were equally randomized to receive as licensed, the complete regimen of ROTAVAC® (3 doses; Group I) or Rotarix® (2 doses; Group II). Antibody responses (s",
173,pubmed,Program evaluation of an ORS and zinc scale-up program in 8 Nigerian states.,2019,Journal of global health,10.7189/jogh.09.010502,31073399,"In Nigeria, diarrhea is the second leading killer of children under five. Between 2012-2017, the Clinton Health Access Initiative, Inc. (CHAI) and the Government of Nigeria implemented a comprehensive program in eight states aimed at increasing the percentage of children under five with diarrhea who were treated with zinc and oral rehydration solution (ORS). The program addressed demand, supply, and policy barriers to ORS and zinc uptake through interventions in both public and private sectors. The interventions included: (1) policy revision and partner coordination; (2) market shaping to impr",
174,pubmed,Mutual recognition in the European system: A blueprint for increasing access to medicines?,2020,Regulatory toxicology and pharmacology : RTP,10.1016/j.yrtph.2019.05.004,31071381,"The European regulatory system for approval of medicinal products is globally recognised as a unique platform for regulatory work-sharing and mutual recognition. As such, it potentially serves as a role model for regulatory capacity building worldwide. While focusing on mutual recognition and decentralised procedures, this paper illustrates key success factors and structures allowing for the reliance-based authorisation of medicines in the European Economic Area from the perspective of a national regulatory authority (NRA). This paper presents major challenges in fulfilling the requirements fo",
175,pubmed,Relevance of a skilled vascular surgeon and optimized facility practices in the long-term patency of arteriovenous fistulas: a prospective study.,2020,Jornal brasileiro de nefrologia,10.1590/2175-8239-JBN-2018-0125,31063174,"Arteriovenous fistulas (AVF) are the best hemodialysis vascular accesses, but their failure rate remains high. Few studies have addressed the role of the vascular surgeon's skills and the facility's practices. We aimed to study these factors, with the hypothesis that the surgeon's skills and facility practices would have an important role in primary failure and patency rates at 12 months, respectively. This was a single-center, prospective cohort study carried out from March 2005 to March 2017. Only incident patients were included. A single surgeon made all AVFs, either in the forearm (lower) ",
176,pubmed,The Discriminatory Power of the BCS-Based Biowaiver: A Retrospective With Focus on Essential Medicines.,2020,Journal of pharmaceutical sciences,10.1016/j.xphs.2019.04.030,31059698,"This article summarizes historic developments, recent expert opinions, and (currently) unresolved challenges concerning the Biopharmaceutics Classification System (BCS)-based Biowaiver. An overview of approval statistics and application potential, case examples addressing the discriminatory power of the procedure, as well as an outlook on possible refinements in the future are provided and critically discussed. Over the last decade, regulatory guidance documents have been harmonized, for example, following scientific consent on allowing biowaivers for BCS class III drugs, making over 50% of or",
177,pubmed,Surface phase transitions in ice: from fundamental interactions to applications.,2020,"Philosophical transactions. Series A, Mathematical, physical, and engineering sciences",10.1098/rsta.2018.0261,30982455,"Interfaces divide all phases of matter and yet in most practical settings it is tempting to ignore their energies and the associated implications. There are many reasons for this, not the least of which is the introduction of a new pair of canonically conjugate variables-interfacial energy and its counterpart the surface area. A key set of questions surrounding the treatment of multiphase flows concerns how and when we must account for such effects. I begin this discussion with an abbreviated review of the basic theory of lower-dimensional phase transitions and describe a range of situations i",
178,pubmed,The Self-Testing AfRica (STAR) Initiative: accelerating global access and scale-up of HIV self-testing.,2020,Journal of the International AIDS Society,10.1002/jia2.25249,30907517,"HIV self-testing (HIVST) was first proposed as an additional option to standard HIV testing services in the 1980s. By 2015, two years after the first HIVST kit was approved for the American market and the year in which Unitaid invested in the ""HIV Self-Testing AfRica (STAR) Initiative,"" HIVST remained unexplored with negligible access in low- and middle-income countries (LMIC). However, rapid progress had been made. This commentary outlines the interlinked market, regulatory and policy barriers that had inhibited product development and kept HIVST out of LMIC policy. We detail the components o",
179,pubmed,Global Vector Control Guidelines - The Need For Co-Creation.,2019,Trends in parasitology,10.1016/j.pt.2018.12.003,30658891,"In response to the global expansion and re-emergence of vector-borne diseases, WHO launched the Global Vector Control Response program in 2017. The aim is to strengthen vector control through increased capacity, innovation, improved surveillance, better coordination, and integrated action. Will this new approach overcome the failings of previous initiatives?",
180,pubmed,EMBL2checklists: A Python package to facilitate the user-friendly submission of plant and fungal DNA barcoding sequences to ENA.,2019,PloS one,10.1371/journal.pone.0210347,30629718,"The submission of DNA sequences to public sequence databases is an essential, but insufficiently automated step in the process of generating and disseminating novel DNA sequence data. Despite the centrality of database submissions to biological research, the range of available software tools that facilitate the preparation of sequence data for database submissions is low, especially for sequences generated via plant and fungal DNA barcoding. Current submission procedures can be complex and prohibitively time expensive for any but a small number of input sequences. A user-friendly software tool",
181,pubmed,A Survey of the Regulatory Requirements for the Acceptance of Foreign Comparator Products by Participating Regulators and Organizations of the International Generic Drug Regulators Programme.,2020,"Journal of pharmacy & pharmaceutical sciences : a publication of the Canadian Society for Pharmaceutical Sciences, Societe canadienne des sciences pharmaceutiques",10.18433/jpps30215,30599818,"The acceptance of foreign comparator products is the most limiting factor for the development and regulatory assessment of generic medicines marketed globally. Bioequivalence studies have to be repeated with the local comparator products of each jurisdiction because it is unknown if the comparators of the different countries are the same product, with the consequent duplication of efforts by regulators and industry alike. The regulatory requirements on the acceptability of foreign comparator products of oral dosage forms differ between countries participating in the Bioequivalence Working Grou",
182,pubmed,"Randomized trial to evaluate contraceptive efficacy, safety and acceptability of a two-rod contraceptive implant over 4 years in the Dominican Republic.",2022,Contraception: X,10.1016/j.conx.2019.100006,32494772,"Sino-implant (II) is a contraceptive implant that had a commodity price one-third of the competing products a decade ago. To make Sino-implant (II) more widely available, we conducted a trial to collect safety and efficacy data required for World Health Organization (WHO) prequalification, a quality standard allowing global donors to procure a pharmaceutical product. This was a randomized controlled trial allocating 650 participants to either Sino-implant (II) or Jadelle®. Participants were seen at 1 and 6 months, and then semiannually. The primary efficacy measure was the pregnancy Pearl Inde",
183,pubmed,Intersections Between Systems Thinking and Market Shaping for Assistive Technology: The SMART (Systems-Market for Assistive and Related Technologies) Thinking Matrix.,2019,International journal of environmental research and public health,10.3390/ijerph15122627,30477141,"The Sustainable Development Goals (SDGs) aspire to ""leave no-one behind"". Universal access to assistive products is a critical link between the realization of the SDGs and those most likely to be left behind. However, assistive technology provision in many countries, particularly low- and middle-income countries, has traditionally been conducted through small-scale local providers, manufacturing products of varying degrees of quality at a limited price range. An effective way to scale these production and provision enterprises to the required level is needed to close the gap between available ",
184,pubmed,Current market and regulatory landscape of biosimilars.,2020,The American journal of managed care,,30452213,"The introduction of biologic therapies has improved the treatment landscape for multiple diseases, particularly in the areas of oncology, rheumatology, and endocrinology. Although they are effective, biologics are associated with increased costs that result in economic burden for healthcare professionals and patients. Biosimilars are biologic medical products that are almost an identical copy of the original product. There are differences in the regulatory requirements for the original biologic product and a biosimilar, as biosimilars gain FDA approval through an abbreviated approval pathway. ",
185,pubmed,Optimized Medical Product Regulation in Mexico: A Win-Win for Public and Economic Health.,2020,Therapeutic innovation & regulatory science,10.1177/2168479017701503,30227102,"Medicines regulators, while performing a vital public health activity, are often perceived as both negative cost centers for governments and as impediments to innovation and economic development. The Mexican government recently undertook a regulatory optimization program focused on transforming the Mexican medicines regulatory pathway into one that is efficient, value-added, aligned with international norms, resource accountable, and one that protects and promotes public health, while also facilitating economic development. To facilitate the implementation of a new national access to medicines",
186,pubmed,It Is Time to Move Beyond the Linear No-Threshold Theory for Low-Dose Radiation Protection.,2023,Dose-response : a publication of International Hormesis Society,10.1177/1559325818779651,30013457,"The US Environmental Protection Agency (USEPA) is the primary federal agency responsible for promulgating regulations and policies to protect people and the environment from ionizing radiation. Currently, the USEPA uses the linear no-threshold (LNT) model to estimate cancer risks and determine cleanup levels in radiologically contaminated environments. The LNT model implies that there is no safe dose of ionizing radiation; however, adverse effects from low dose, low-dose rate (LDDR) exposures are not detectable. This article (1) provides the scientific basis for discontinuing use of the LNT mo",
187,pubmed,"30th Annual Drug Information Association (DIA) Europe 2018 (April 17-19, 2018 - Basel, Switzerland).",2018,"Drugs of today (Barcelona, Spain : 1998)",10.1358/dot.2018.54.5.2828185,29911697,"The Drug Information Association (DIA) Europe held its annual meeting from April 17-19, 2018, in Basel, Switzerland. The key topics discussed in the 3-day meeting were related to pharmacovigilance, clinical development, patient engagement, data and data standards, preclinical development and early-phase clinical research, regulatory science, translational medicine and science, and value and access. The program was principally focused on the current opportunities and future landscape of the healthcare system as a result of the increasingly innovative technologies and effective utilization of bi",
188,pubmed,Impact of the US Food and Drug Administration registration of antiretroviral drugs on global access to HIV treatment.,2022,BMJ global health,10.1136/bmjgh-2017-000651,29862054,"Since 2004, the US Food and Drug Administration's (USFDA) dedicated drug review process in support of President's Emergency Plan for AIDS Relief (PEPFAR) has made safe, effective and quality antiretrovirals (ARVs) available for millions of patients. Furthermore, the WHO and Global Fund to Fight AIDS, Tuberculosis and Malaria (Global Fund) can add the USFDA-reviewed products to their respective formularies, through a novel process of 'one-way reliance'. We assessed the number of ARVs made available through WHO and Global Fund based on the USFDA review. We conducted a cross-sectional study of al",
189,pubmed,Bayesian methods for analysis of biosimilar phase III trials.,2019,Statistics in medicine,10.1002/sim.7814,29797335,"A biologic is a product made from living organisms. A biosimilar is a new version of an already approved branded biologic. Regulatory guidelines recommend a totality-of-the-evidence approach with stepwise development for a new biosimilar. Initial steps for biosimilar development are (a) analytical comparisons to establish similarity in structure and function followed by (b) potential animal studies and a human pharmacokinetics/pharmacodynamics equivalence study. The last step is a phase III clinical trial to confirm similar efficacy, safety, and immunogenicity between the biosimilar and the bi",
190,pubmed,Strengthening Health Products Regulatory Systems to Enhance Access to Quality Health Products in the Asia-Pacific.,2019,Therapeutic innovation & regulatory science,10.1177/2168479018769285,29714589,"Asia-Pacific is a region of fast growing opportunity for biomedical research and marketing of new health products by pharmaceutical and medical device companies. While national regulatory authorities have the responsibility to ensure timely access to innovative, effective, and safe therapies, many face capacity and resource constraints that limit their ability to guarantee a robust regulatory system capable of licensing and monitoring novel medicines and medical devices, and tackling substandard and falsified products. The region's regulatory landscape is also fragmented with country-specific ",
191,pubmed,A qualitative assessment of the challenges of WHO prequalification for anti-malarial drugs in China.,2019,Malaria journal,10.1186/s12936-018-2303-8,29615066,"While China is a major manufacturer of artemisinin and its derivatives, it lags as a global leader in terms of the total export value of anti-malarial drugs as finished pharmaceutical products ready for marketing and use by patients. This may be due to the limited number of World Health Organization (WHO) prequalified anti-malarial drugs from China. Understanding the reasons for the slow progress of WHO prequalification (PQ) in China can help improve the current situation and may lead to greater efforts in malaria eradication by Chinese manufacturers. In-depth interviews were conducted in Chin",
192,pubmed,Typhoid conjugate vaccine gets WHO prequalification.,2019,The Lancet. Infectious diseases,10.1016/S1473-3099(18)30087-2,29485093,,
193,pubmed,"Practice insights on patient care-management overview for chemoradiation toxic mucositis-guidelines, guideline-supported therapies and high potency polymerized cross-linked sucralfate (ProThelial).",2019,Journal of oncology pharmacy practice : official publication of the International Society of Oncology Pharmacy Practitioners,10.1177/1078155218758864,29460703,"To offer a practice insight for the management of chemoradiation toxic mucositis. Review chemoradiation toxic mucositis, its pathobiology and breadth of symptom presentation. Review mucositis guidelines and guideline-supported anti-mucositis therapies. Offer guidance on guidelines and an abbreviated review of high potency cross-linked sucralfate for management of chemoradiation toxic mucositis. There are six major mucositis guidelines but only one that is current and regularly updated. Guidelines from the Multinational Association Supportive Cancer Care suggest 14 interventions gleaned from co",
194,pubmed,"Field evaluation of the safety, acceptability, and feasibility of early infant male circumcision using the AccuCirc device.",2018,PloS one,10.1371/journal.pone.0191501,29444116,"As countries scale up adult voluntary medical male circumcision (VMMC) for HIV prevention, they are looking ahead to long term sustainable strategies, including introduction of early infant male circumcision (EIMC). Although a number of devices for EIMC are prequalified by the World Health Organization, evaluation of additional devices can provide policy-makers and clinicians the information required to make informed decisions. We undertook a field evaluation of the safety and acceptability of the AccuCirc device in Kisumu County, Kenya. Procedures were performed by four trained clinicians in ",
195,pubmed,Uremic Solute-Aryl Hydrocarbon Receptor-Tissue Factor Axis Associates with Thrombosis after Vascular Injury in Humans.,2019,Journal of the American Society of Nephrology : JASN,10.1681/ASN.2017080929,29343519,"Individuals with CKD are particularly predisposed to thrombosis after vascular injury. Using mouse models, we recently described indoxyl sulfate, a tryptophan metabolite retained in CKD and an activator of tissue factor (TF) through aryl hydrocarbon receptor (AHR) signaling, as an inducer of thrombosis across the CKD spectrum. However, the translation of findings from animal models to humans is often challenging. Here, we investigated the uremic solute-AHR-TF thrombosis axis in two human cohorts, using a targeted metabolomics approach to probe a set of tryptophan products and high-throughput a",
196,pubmed,"Scaling up HIV self-testing in sub-Saharan Africa: a review of technology, policy and evidence.",2019,Current opinion in infectious diseases,10.1097/QCO.0000000000000426,29232277,"HIV self-testing (HIVST) can provide complementary coverage to existing HIV testing services and improve knowledge of status among HIV-infected individuals. This review summarizes the current technology, policy and evidence landscape in sub-Saharan Africa and priorities within a rapidly evolving field. HIVST is moving towards scaled implementation, with the release of WHO guidelines, WHO prequalification of the first HIVST product, price reductions of HIVST products and a growing product pipeline. Multicountry evidence from southern and eastern Africa confirms high feasibility, acceptability a",
197,pubmed,Medicines Regulation in Africa: Current State and Opportunities.,2022,Pharmaceutical medicine,10.1007/s40290-017-0210-x,29200865,"Sound regulatory systems are critical for protecting public health against use of medical products which do not meet international standards of quality, safety and efficacy. This review provides a summary of the current status of National Medicines Regulatory Authorities (NMRAs) in Africa, and various initiatives that have been established to improve their performance. All countries in Africa (except Sahrawi Republic), have NMRAs but their organizational set-up and functionality is variable. Some are located within Ministries of Health and others are semi-autonomous. There is progressive impro",
198,pubmed,One or two serological assay testing strategy for diagnosis of HBV and HCV infection? The use of predictive modelling.,2018,BMC infectious diseases,10.1186/s12879-017-2774-1,29143611,"Initial serological testing for chronic hepatitis B virus (HBV) and hepatitis C virus (HCV) infection is conducted using either rapid diagnostic tests (RDT) or laboratory-based enzyme immunoassays (EIA)s for detection of hepatitis B surface antigen (HBsAg) or antibodies to HCV (anti-HCV), typically on serum or plasma specimens and, for certain RDTs, capillary whole blood. WHO recommends the use of standardized testing strategies - defined as a sequence of one or more assays to maximize testing accuracy while simplifying the testing process and ideally minimizing cost. Our objective was to exam",
199,pubmed,Work-sharing and male employees' mental health during an economic recession.,2018,"Occupational medicine (Oxford, England)",10.1093/occmed/kqx135,29016936,"One approach to reducing occupational stress during an economic recession is to share work amongst employees. This may include reducing employees' working hours to avoid redundancies. To examine whether work-sharing influenced the psychosocial work environment and depressive symptoms encountered by Japanese employees, and to determine which psychosocial factors predict employees' mental health during an economic recession. A survey was performed in a Japanese manufacturing company at the beginning (T1) and end (T2) of a 6-month period during the 2008 economic recession using the validated Job ",
200,pubmed,Developing a comprehensive response for treatment of children under 6 years of age with schistosomiasis: research and development of a pediatric formulation of praziquantel.,2018,Infectious diseases of poverty,10.1186/s40249-017-0336-9,28768535,"Schistosomiasis is a parasitic disease caused by blood flukes. The disease is caused by an inflammatory reaction to parasite eggs retained in the liver, bladder and reproductive organs. According to 2017 World Health Organization (WHO) estimates 220 million people are potentially infected, from which probably 10% are children under 6 years of age. The regular treatment approach of a single, oral dose of 40 mg/kg body weight with praziquantel however, is difficult for children under the age of 6, leaving them without a treatment option. In order to address this important gap in treatment target",
201,pubmed,A forecast of typhoid conjugate vaccine introduction and demand in typhoid endemic low- and middle-income countries to support vaccine introduction policy and decisions.,2018,Human vaccines & immunotherapeutics,10.1080/21645515.2017.1333681,28604164,"A Typhoid Conjugate Vaccine (TCV) is expected to acquire WHO prequalification soon, which will pave the way for its use in many low- and middle-income countries where typhoid fever is endemic. Thus it is critical to forecast future vaccine demand to ensure supply meets demand, and to facilitate vaccine policy and introduction planning. We forecasted introduction dates for countries based on specific criteria and estimated vaccine demand by year for defined vaccination strategies in 2 scenarios: rapid vaccine introduction and slow vaccine introduction. In the rapid introduction scenario, we for",
202,pubmed,Radical dematerialization and degrowth.,2017,"Philosophical transactions. Series A, Mathematical, physical, and engineering sciences",10.1098/rsta.2016.0383,28461444,"The emission targets agreed in Paris require a radical reduction of material extraction, use and disposal. The core claim of this article is that a radical dematerialization can only be part and parcel of degrowth. Given that capitalist economies are designed to grow, this raises the question of whether, and under what circumstances, the inevitable 'degrowth' can become socially sustainable. Three economic policies are discussed in this direction: work-sharing, green taxes and public money.This article is part of the themed issue 'Material demand reduction'.",
203,pubmed,Seizing market shaping opportunities for vaccine cold chain equipment.,2017,Vaccine,10.1016/j.vaccine.2016.12.073,28364940,"Gavi, the Vaccine Alliance, supports immunisation programmes in eligible countries to reach children with lifesaving vaccines. Dramatic improvement in the scale and performance of current cold chain systems is required to extend the reach of immunisation services - especially for children living in remote locations - to advance progress towards full vaccine coverage. Achieving these improvements will require a healthier market for cold chain equipment where the products meet user needs, are sustainably priced, and are available in sufficient quantities to meet demand. Yet evidence suggests tha",
204,pubmed,Innovations in cold chain equipment for immunization supply chains.,2017,Vaccine,10.1016/j.vaccine.2016.11.094,28364939,"Since 2010, numerous new technologies have entered the immunization cold chain equipment market. The World Health Organization (WHO) Immunization Devices Programme-Performance, Quality and Safety (PQS)-has played a key role in bringing these to market. In this article, the authors explore the emergence of new cold chain equipment technologies from 2004 to 2016 and the role of PQS in this evolution. This review focuses on three major vaccine cold chain technology innovations-solar direct-drive refrigerators, long-term passive cold boxes, and equipment with user-independent freeze prevention. Fo",
205,pubmed,Global Harmonization of Comparator Products for Bioequivalence Studies.,2018,The AAPS journal,10.1208/s12248-017-0068-6,28265983,"Comparator products should be the products that were shown to be safe and efficacious in pivotal clinical trials to ensure prescribability of generics. The use of a common comparator ensures switchability between generics. The selection of the comparator is a national responsibility and may be different between countries. This paper discusses the current recommendations on selection of comparators, the associated problems, and the possibility of harmonization. Most countries follow the World Health Organization (WHO) recommendations for selecting comparator products and require the comparator ",
206,pubmed,Thyroglossal Duct Cyst: Abbreviated Review and Case Report.,2017,"Compendium of continuing education in dentistry (Jamesburg, N.J. : 1995)",,28156123,"The thyroglossal duct cyst (TGDC) is the most common developmental cyst of the neck. The cyst typically occurs along the midline of the neck on the ventral surface. Malignant transformation is rare and can be diagnosed only after histologic examination of a biopsy specimen. This article presents a brief, focused narrative review, which includes a discussion of successful treatment of a TGDC, and a single case report that describes a Sistrunk-like procedure.",
207,pubmed,Exploring the Case for a Global Alliance for Medical Diagnostics Initiative.,2023,"Diagnostics (Basel, Switzerland)",10.3390/diagnostics7010008,28134750,"In recent years, the private and public sectors have increased investments in medical diagnostics for low- and middle-income countries (LMICs). Despite these investments, numerous barriers prevent the adoption of existing diagnostics and discourage the development and introduction of new diagnostics in LMICs. In the late 1990s, the global vaccine community had similar challenges, as vaccine coverage rates stagnated and the introduction of new vaccines was viewed as a distraction to delivering existing vaccines. To address these challenges, the international community came together and formed t",
208,pubmed,Speeding Access to Vaccines and Medicines in Low- and Middle-Income Countries: A Case for Change and a Framework for Optimized Product Market Authorization.,2017,PloS one,10.1371/journal.pone.0166515,27851831,"The United Nations Millennium Development Goals galvanized global efforts to alleviate suffering of the world's poorest people through unprecedented public-private partnerships. Donor aid agencies have demonstrably saved millions of lives that might otherwise have been lost to disease through increased access to quality-assured vaccines and medicines. Yet, the introduction of these health interventions in low- and middle-income countries (LMICs) continues to face a time lag due to factors which remain poorly understood. A recurring theme from our partnership engagements was that an optimized r",
209,pubmed,Achievements and challenges for the use of killed oral cholera vaccines in the global stockpile era.,2017,Human vaccines & immunotherapeutics,10.1080/21645515.2016.1245250,27813703,"Cholera remains an important but neglected public health threat, affecting the health of the poorest populations and imposing substantial costs on public health systems. Cholera can be eliminated where access to clean water, sanitation, and satisfactory hygiene practices are sustained, but major improvements in infrastructure continue to be a distant goal. New developments and trends of cholera disease burden, the creation of affordable oral cholera vaccines (OCVs) for use in developing countries, as well as recent evidence of vaccination impact has created an increased demand for cholera vacc",
210,pubmed,Statistical Considerations in Evaluating a Biosimilar Product in an Oncology Clinical Study.,2018,Clinical cancer research : an official journal of the American Association for Cancer Research,10.1158/1078-0432.CCR-16-1010,27582485,The Biologics Price Competition and Innovation Act of 2009 (BPCI Act) established an abbreviated approval pathway for biosimilar and interchangeable biological products that was intended to balance innovation and consumer interests. The FDA has published several guidance documents to facilitate implementation of the BPCI Act. Here we discuss the role of comparative clinical studies in the assessment of clinically meaningful differences and illustrate the underlying scientific concepts with a hypothetical example of a clinical study comparing a product to US-licensed bevacizumab. Clin Cancer Re,
211,pubmed,Role of Global Alliance for Vaccines and Immunization (GAVI) in Accelerating Inactivated Polio Vaccine Introduction.,2017,Indian pediatrics,,27771641,"Global Alliance for Vaccines and Immunization (GAVI, the Vaccine Alliance) is an international organization built through public-private partnership. GAVI has supported more than 200 vaccine introductions in the last 5 years by financing major proportion of costs of vaccine to 73 low-income countries using a co-financing model. GAVI has worked in close co-ordination with Global Polio Eradication Initiative (GPEI) since 2013, to strengthen health systems in countries so as to accelerate introduction of inactivated polio vaccine (IPV). GAVI is involved in many IPV related issues like demand gene",
212,pubmed,"Status of New Vaccine Introduction - Worldwide, September 2016.",2017,MMWR. Morbidity and mortality weekly report,10.15585/mmwr.mm6541a3,27764083,"Since the global Expanded Program on Immunization (EPI) was launched in 1974, vaccination against six diseases (tuberculosis, polio, diphtheria, tetanus, pertussis, and measles) has prevented millions of deaths and disabilities (1). Significant advances have been made in the development and introduction of vaccines, and licensed vaccines are now available to prevent 25 diseases (2,3). Historically, new vaccines only became available in low-income and middle-income countries decades after being introduced in high-income countries. However, with the support of global partners, including the Worl",
213,pubmed,An Introduction to the Minnesota Multiphasic Personality Inventory-Adolescent-Restructured Form (MMPI-A-RF).,2018,Journal of clinical psychology in medical settings,10.1007/s10880-016-9475-6,27752979,"The Minnesota Multiphasic Personality Inventory-Adolescent-Restructured Form (MMPI-A-RF; Archer, Handel, Ben-Porath, & Tellegen, 2016) is a new broadband measure of adolescent psychopathology and personality. The MMPI-A-RF is the adolescent counterpart of the MMPI-2-RF (Ben-Porath & Tellegen, 2008/2011). The goal of the MMPI-2-RF development project was to capture the clinically significant substance of the MMPI-2 item pool with a psychometrically sound measure linked to contemporary models of personality and psychopathology (Ben-Porath & Tellegen, 2008/2011). Using the MMPI-2-RF scales and de",
214,pubmed,[Strengthening the Pan American Network of Official Medicines Control Laboratories].,2018,Revista panamericana de salud publica = Pan American journal of public health,,27706410,Objective Official Medicines Control Laboratories (OMCLs) play a critical role in quality assurance. The objective of this work is to describe the actions taken by the Pan American Health Organization (PAHO) to strengthen OMCLs in the Region of the Americas. Methods A descriptive study was conducted by the External Quality Control Program (EQCP) to assess the diagnostic and overall performance of OMCLs; human resource training; measures adopted by the Pan American Network for Drug Regulatory Harmonization (PANDRH) to facilitate prequalification of OMCLs by the World Health Organization (WHO) a,
215,pubmed,Sharing regulatory data as tools for strengthening health systems in the Region of the Americas.,2018,Revista panamericana de salud publica = Pan American journal of public health,,27706398,"Regulatory transparency is an imperative characteristic of a reliable National Regulatory Authority. In the region of the Americas, the process of building an open government is still fragile and fragmented across various Health Regulatory Agencies (HRAs) and Regional Reference Authorities (RRAs). This study assessed the transparency status of RRAs, focusing on various medicine life-cycle documents (the Medicine Dossier, Clinical Trial Report, and Inspection Report) as tools for strengthening health systems. Based on a narrative (nonsystematic) review of RRA regulatory transparency, transparen",
216,pubmed,"""Getting the water-carrier to light the lamps"": Discrepant role perceptions of traditional, complementary, and alternative medical practitioners in government health facilities in India.",2018,Social science & medicine (1982),10.1016/j.socscimed.2016.08.038,27575933,"The government of India has, over the past decade, implemented the ""integration"" of traditional, complementary and alternative medical (TCAM) practitioners, specifically practitioners of Ayurveda, Yoga and Naturopathy, Unani, Siddha, Sowa-rigpa, and Homoeopathy (collectively known by the acronym AYUSH), in government health services. A range of operational and ethical challenges has manifested during this process of large health system reform. We explored the practices and perceptions of health system actors, in relation to AYUSH providers' roles in government health services in three Indian s",
217,pubmed,A decade of adaptation: Regulatory contributions of the World Health Organization to the Global Action Plan for Influenza Vaccines (2006-2016).,2017,Vaccine,10.1016/j.vaccine.2016.07.025,27498212,"The Global Action Plan (GAP) for Influenza Vaccines is a decade-long initiative that brings together a diverse range of stakeholders to work towards reducing anticipated global shortage of influenza vaccines and ensuring more equitable access to vaccines during the next influenza pandemic. Since its inception in 2006, significant progress has been made towards all the main objectives of GAP, namely: (1) an increase in seasonal vaccine use, (2) an increase in vaccine production, and (3) progress in research and development of more effective vaccines. The Technology Transfer Initiative (TTI), co",
218,pubmed,"Chemistry, manufacturing and control (CMC) and clinical trial technical support for influenza vaccine manufacturers.",2017,Vaccine,10.1016/j.vaccine.2016.07.046,27484011,"With the support of the Biomedical Advanced Research and Development Authority (BARDA) of the US Department of Health and Human Services, PATH has contributed to the World Health Organization's (WHO's) Global Action Plan for Influenza Vaccines (GAP) by providing technical and clinical assistance to several developing country vaccine manufacturers (DCVMs). GAP builds regionally based independent and sustainable influenza vaccine production capacity to mitigate the overall global shortage of influenza vaccines. The program also ensures adequate influenza vaccine manufacturing capacity in the eve",
219,pubmed,Employing Demand-Based Volumetric Forecasting to Identify Potential for and Roles of Devices in Scale-Up of Medical Male Circumcision in Zambia and Zimbabwe.,2017,Journal of acquired immune deficiency syndromes (1999),10.1097/QAI.0000000000000991,27331597,"Devices for male circumcision (MC) are becoming available in 14 priority countries where MC is being implemented for HIV prevention. Understanding potential impact on demand for services is one important programmatic consideration because countries determine whether to scale up devices within MC programs. A population-based survey measuring willingness to undergo MC, assuming availability of surgical MC and 3 devices, was conducted among 1250 uncircumcised men, ages 10-49 years in Zambia and 1000 uncircumcised men, ages 13-49 years in Zimbabwe. Simulated Test Market methodology was used to est",
220,pubmed,Obstacles to prior art searching by the trilateral patent offices: empirical evidence from International Search Reports.,2019,Scientometrics,10.1016/j.econlet.2006.11.008,27122646,"Despite many empirical studies having been carried out on examiner patent citations, few have scrutinized the obstacles to prior art searching when adding patent citations during patent prosecution at patent offices. This analysis takes advantage of the longitudinal gap between an International Search Report (ISR) as required by the Patent Cooperation Treaty (PCT) and subsequent national examination procedures. We investigate whether several kinds of distance actually affect the probability that prior art is detected at the time of an ISR; this occurs much earlier than in national phase examin",
221,pubmed,Challenges and Opportunities While Developing a Group A Meningococcal Conjugate Vaccine Within a Product Development Partnership: A Manufacturer's Perspective From the Serum Institute of India.,2016,Clinical infectious diseases : an official publication of the Infectious Diseases Society of America,10.1093/cid/civ500,26553678,"In 2002, the Meningitis Vaccine Project (MVP) chose the Serum Institute of India, Ltd (SIIL), as its manufacturing partner to establish a product development partnership (PDP) with the Meningitis Vaccine Project (MVP). MVP was a collaboration between PATH and the World Health Organization (WHO) to develop meningococcal conjugate vaccines for sub-Saharan Africa. From the outset, SIIL recognized that a partnership with MVP carried some risk but also offered important opportunities for accessing new conjugate vaccine technology and know-how. Over 3 years, SIIL successfully accepted technology tra",
222,pubmed,Regulatory Pathways That Facilitated Timely Registration of a New Group A Meningococcal Conjugate Vaccine for Africa's Meningitis Belt Countries.,2016,Clinical infectious diseases : an official publication of the Infectious Diseases Society of America,10.1093/cid/civ491,26553671,"Through its normative and public health leadership roles, the World Health Organization (WHO) plays a key role in the availability of vaccine products in low-and middle-income countries. The recent introduction of a new group A meningococcal conjugate vaccine, PsA-TT (MenAfriVac), in Africa exemplifies this process. WHO requires that any new vaccine to be introduced in countries for public health reasons and supplied through United Nations centralized mechanisms be licensed by the national regulatory agency (NRA) in the producing country, then prequalified and given a marketing authorization i",
223,pubmed,"A randomized, non-inferiority trial comparing two bivalent killed, whole cell, oral cholera vaccines (Euvichol vs Shanchol) in the Philippines.",2016,Vaccine,10.1016/j.vaccine.2015.08.075,26348402,"Currently, there are two oral cholera vaccines (OCV) that are prequalified by the World Health Organization. Both (Dukoral and Shanchol) have been proven to be safe, immunogenic, and effective. As the global supply of OCV remains limited, we assessed the safety and immunogenicity of a new low cost, killed, bivalent OCV (Euvichol) in the Philippines. The randomized controlled trial was carried out in healthy Filipino adults and children. Two doses of either the current WHO prequalified OCV (Shanchol) or the same composition OCV being considered for WHO prequalification (Euvichol) were administe",
224,pubmed,The effect of location and configuration on forearm and upper arm hemodialysis arteriovenous grafts.,2016,Journal of vascular surgery,10.1016/j.jvs.2015.06.132,26254823,"The arteriovenous graft (AVG) is most often used in hemodialysis patients when an autogenous fistula is not feasible. The optimal location (forearm or upper arm) and configuration (loop or straight) of AVGs are not known. To evaluate relationships of AVG location and configuration with patency, we conducted a secondary analysis using data from a randomized, placebo-controlled trial of dipyridamole plus aspirin for newly placed AVG. Participants of the Dialysis Access Consortium (DAC) Graft Study with newly placed upper extremity prosthetic grafts involving the brachial artery were studied. Mul",
225,pubmed,Development of biosimilars in an era of oncologic drug shortages.,2016,"Drug design, development and therapy",10.2147/DDDT.S75219,26150698,"Acute and chronic shortages of various pharmaceuticals and particularly of sterile injectable products are being reported on a global scale, prompting evaluation of more effective strategies to manage current shortages and development of new, high-quality pharmaceutical products to mitigate the risk of potential future shortages. Oncology drugs such as liposomal doxorubicin and 5-fluorouracil represent examples of first-choice drugs critically affected by shortages. Survey results indicate that the majority of hospitals and practicing oncologists have experienced drug shortages, which may have",
226,pubmed,"An assessment of the supply, programmatic use, and regulatory issues of single low-dose primaquine as a Plasmodium falciparum gametocytocide for sub-Saharan Africa.",2016,Malaria journal,10.1186/s12936-015-0714-3,25971688,"Global ambitions to eliminate malaria are intensifying, underscoring a critical need for transmission blocking tools. In 2012, the WHO recommended the use of 0.25 mg/kg of single low-dose (SLD) primaquine to stop Plasmodium falciparum transmission. To ensure the availability of SLD primaquine to countries in need of this tool, more information on the supply, programmatic, and regulatory barriers to the rollout of SLD primaquine is required. Challenges to the rollout of SLD primaquine in sub-Saharan Africa were established through semi-structured qualitative interviews with three primaquine man",
227,pubmed,OARSI Clinical Trials Recommendations: An abbreviated regulatory guide to the clinical requirements for development of therapeutics in osteoarthritis.,2016,Osteoarthritis and cartilage,10.1016/j.joca.2015.03.010,25952340,"In this brief abbreviated review of regulatory issues regarding the development of drugs and or devices for the treatment of osteoarthritis (OA), the steps that are expected by both the Food and Drug Administration (FDA) and the European Medicines Agency (EMA) are discussed.",
228,pubmed,Artemisinin-based combination therapy in the treatment of uncomplicated malaria: review of recent regulatory experience at the European Medicines Agency.,2016,International health,10.1093/inthealth/ihv017,25855638,"Malaria remains a major public health challenge with almost half of the world's population exposed to the risk of contracting the illness. Prompt, effective and well tolerated treatment remains one of the cornerstones in the disease management, with artemisinin-based combination therapy the recommended option for non-severe malaria in endemic areas with predominant Plasmodium falciparum infections.Recent experience has been obtained at the European Medicines Agency with regulatory approval of two such antimalarial fixed combination products. For these cases, two different regulatory pathways w",
229,pubmed,"WHO consultation on clinical evaluation of vaccines, 17-18 July 2014, WHO Headquarters, Geneva, Switzerland.",2016,Vaccine,10.1016/j.vaccine.2015.01.056,25749249,"A World Health Organization (WHO) consultation on guidelines for National Regulatory Authorities (NRAs) and vaccine manufacturers on clinical evaluation of vaccines was held from 17 to 18 July 2014, to review key scientific challenges that regulators have been facing since the establishment of the WHO Guidelines on Clinical Evaluation of Vaccines. The guidelines, adopted by the WHO Expert Committee on Biological Standardization (ECBS) in 2001, have served as the basis for setting or updating national requirements for the evaluation and licensing of a broad range of vaccines as well as for WHO ",
230,pubmed,Results from a survey of national immunization programmes on home-based vaccination record practices in 2013.,2016,International health,10.1093/inthealth/ihv014,25733540,"Data on home-based records (HBRs) practices within national immunization programmes are non-existent, making it difficult to determine whether current efforts of immunization programmes related to basic recording of immunization services are appropriately focused. During January 2014, WHO and the United Nations Children's Fund sent a one-page questionnaire to 195 countries to obtain information on HBRs including type of record used, number of records printed, whether records were provided free-of-charge or required by schools, whether there was a stock-out and the duration of any stock-outs th",
231,pubmed,Actions of the National Regulatory Authorities in 10 Low- and Middle-Income Countries Following Stringent Regulatory Authority Safety Alerts on Rosiglitazone.,2020,Therapeutic innovation & regulatory science,10.1177/2168479014551644,30222412,"On September 23, 2010, the US Food and Drug Administration and the European Medicines Agency issued safety alerts for medicines containing rosiglitazone. The authors monitored the actions of national regulatory authorities (NRAs) from 10 low- and middle-income countries to identify the time lag between the issuance of safety alerts by these two stringent regulatory authorities and any actions by these select NRAs. Two NRAs outside Africa took regulatory actions related to safety of rosiglitazone within 2 weeks of stringent regulatory authority safety alerts. For the 7 of the 8 African NRAs whe",
232,pubmed,Chinese vaccine products go global: vaccine development and quality control.,2015,Expert review of vaccines,10.1586/14760584.2015.1012503,25697690,"Through the continuous efforts of several generations, China has become one of the few countries in the world that is capable of independently addressing all the requirements by the Expanded Program on Immunization. Regulatory science is applied to continuously improve the vaccine regulatory system. Passing the prequalification by WHO has allowed Chinese vaccine products to go global. Chinese vaccine products not only secure disease prevention and control domestically but also serve the needs for international public health. This article describes the history of Chinese vaccine development, th",
233,pubmed,An open source business model for malaria.,2016,PloS one,10.1371/journal.pone.0117150,25658590,"Greater investment is required in developing new drugs and vaccines against malaria in order to eradicate malaria. These precious funds must be carefully managed to achieve the greatest impact. We evaluate existing efforts to discover and develop new drugs and vaccines for malaria to determine how best malaria R&D can benefit from an enhanced open source approach and how such a business model may operate. We assess research articles, patents, clinical trials and conducted a smaller survey among malaria researchers. Our results demonstrate that the public and philanthropic sectors are financing",
234,pubmed,New dialogue for the way forward in maternal health: addressing market inefficiencies.,2016,Maternal and child health journal,10.1007/s10995-014-1636-3,25467178,"Despite notable progress in Millennium Development Goal (MDG) five, to reduce maternal deaths three-quarters by 2015, deaths due to treatable conditions during pregnancy and childbirth continue to concentrate in the developing world. Expanding access to three effective and low-cost maternal health drugs can reduce preventable maternal deaths, if available to all women. However, current failures in markets for maternal health drugs limit access to lifesaving medicines among those most in need. In effort to stimulate renewed action planning in the post-MDG era, we present three case examples fro",
235,pubmed,The discovery and development of antiretroviral agents.,2015,Antiviral therapy,10.3851/IMP2896,25310317,"Since the discovery of HIV as the causative agent of AIDS in 1983/1984, remarkable progress has been made in finding antiretroviral drugs (ARVs) that are effective against it. A major breakthrough occurred in 1996 when it was found that triple drug therapy (HAART) could durably suppress viral replication to minimal levels. It was then widely felt, however, that HAART was too expensive and complex for low- and middle-income countries, and so, with the exception of a few of these countries, such as Brazil, a massive scale-up did not begin until the WHO launched its '3 by 5' initiative and sizeab",
236,pubmed,[Lack of bioavailability of generic lopinavir/ritonavir not prequalified by WHO marketed in Africa (Congo Brazzaville)].,2016,Bulletin de la Societe de pathologie exotique (1990),10.1007/s13149-014-0389-y,25256250,"Although second-line generic antiretroviral drugs are of great value in developing countries there are concerns regarding their quality and safety. This study is a case report and pharmacological study in healthy volunteers. A French subject of sub-saharan origin who visited Republic of Congo received a post-exposure treatment with AZT+3TC and LPV/r (200/50 mg, Arga-L®, India) following unprotected sexual intercourse. Two days later, in France, tests showed that plasma concentrations of lopinavir and ritonavir were undetectable. The WHO prequalification list showed Arga-L® was not prequalified",
237,pubmed,Assuring access to quality antiretroviral medicines: the WHO Prequalification of Medicines Program and access to HIV treatment.,2014,Cadernos de saude publica,10.1590/0102-311xpe010514,24936808,,
238,pubmed,Review of quality deficiencies found in active pharmaceutical ingredient master files submitted to the WHO Prequalification of Medicines Programme.,2015,"Journal of pharmacy & pharmaceutical sciences : a publication of the Canadian Society for Pharmaceutical Sciences, Societe canadienne des sciences pharmaceutiques",10.18433/j3q60j,24934546,"The aim of this work was to determine the number and type of active pharmaceutical ingredient (API) quality deficiencies in API Master Files (APIMFs) as submitted to the World Health Organization (WHO) Prequalification of Medicines Programme (PQP). We conducted a retrospective review of API quality deficiencies identified following the assessment of new APIMFs for non-sterile APIs during a 6-year period from 1 January 2007 to 31 December 2012. All deficiencies were collected, classified and quantified according to the Common Technical Document (CTD) sections and subsections and as groups of co",
239,pubmed,Expert perspectives on biosimilar monoclonal antibodies in breast cancer.,2014,Breast cancer research and treatment,10.1007/s10549-014-2879-9,24562824,"While biosimilars of low molecular-weight biologics such as G-CSF have been available in Europe since 2006, biosimilars of monoclonal antibodies (mAbs) have only become available in the last year. Unlike G-CSF, mAbs are large and complex and often play a direct role in the survival of patients with life-threatening illnesses such as breast cancer. Several biosimilars are currently under development for the treatment of breast cancer, and the use of biosimilars in a setting that directly impacts patient survival raises a number of questions. In this review, we discuss the biosimilar mAbs curren",
240,pubmed,A quiet revolution in global public health: The World Health Organization's Prequalification of Medicines Programme.,2015,Journal of public health policy,10.1057/jphp.2013.53,24430804,"Problems with the quality of medicines abound in countries where regulatory and legal oversight are weak, where medicines are unaffordable to most, and where the official supply often fails to reach patients. Quality is important to ensure effective treatment, to maintain patient and health-care worker confidence in treatment, and to prevent the development of resistance. In 2001, the WHO established the Prequalification of Medicines Programme in response to the need to select good-quality medicines for UN procurement. Member States of the WHO had requested its assistance in assessing the qual",
241,pubmed,[Health system reform in the United Kingdom].,2014,Journal of UOEH,10.7888/juoeh.35.279,24334695,"How to control the increasing health expenditures is a common problem in the developed countries. The main causes of this increase are ageing of the society and medical innovation. The UK government has introduced a market oriented health reform in order to balance the increasing expenditures and the quality of care. For example, they have introduced the GP Fundholding, Private Financial Initiative (PFI) for construction of public hospital, and personal budget system (a patient owns a budget for buying health services in the deregulated market). However, there is little evidence indicating the",
242,pubmed,Twenty-five years of the WHO vaccines prequalification programme (1987-2012): lessons learned and future perspectives.,2015,Vaccine,10.1016/j.vaccine.2013.11.066,24300593,"The World Health Organization (WHO) vaccines prequalification programme was established in 1987. It is a service provided to United Nations procurement agencies to ensure that the vaccines supplied through these agencies are consistently safe and effective under conditions of use in national immunization programmes. This review describes the purpose and aims of the programme, its evolution during 25 years of existence, its added value, and its role in the context of the WHO strategy to ensure the global availability of vaccines of assured quality. The rationale for changes introduced during th",
243,pubmed,Lessons from reproductive health to inform multipurpose prevention technologies: don't reinvent the wheel.,2014,Antiviral research,10.1016/j.antiviral.2013.09.019,24188700,This paper presents the public health rationale for multipurpose prevention technologies (MPTs) for sexual and reproductive health (SRH) based on regional trends in demographic and SRH indicators. It then distils important lessons gleaned from the introduction of contraceptive and reproductive health products over the past several decades in order to inform the development and future introduction of MPTs for SRH. A comparison of current demographic and public health regional data clearly revealed that the greatest confluence of women's SRH concerns occurs in sub-Saharan Africa and South/West A,
244,pubmed,Characterizing Good Review Practices: A Survey Report Among Agencies of APEC Member Economies.,2020,Therapeutic innovation & regulatory science,10.1177/2168479013494394,30235555,"As a first step in the implementation of the Asia-Pacific Economic Cooperation (APEC) Best Regulatory Practice Project, the Centre for Innovation in Regulatory Science conducted a gap analysis survey among regulatory agencies of 14 APEC member economies to assess the current use of good review practices (GRevP) to support transparent, consistent, predictable, and good-quality regulatory decision making. Although the majority of responding agencies have established some form of GRevP, most practices are currently evolving and are applied on an informal basis. Most agencies have developed standa",
245,pubmed,Cost-effectiveness of antiplatelet therapy to prolong primary patency of hemodialysis graft.,2014,Clinical nephrology,10.5414/CN108100,24161074,"The Dialysis Access Consortium (DAC) study group previously reported that treatment with extended-release dipyridamole plus aspirin (DASA) resulted in a significant but clinically modest improvement in primary unassisted arteriovenous graft (AVG) patency. Utilizing DAC published data, the objective of this study is to evaluate the cost effectiveness of antiplatelet interventions aimed at preventing loss of primary AVG patency in hemodialysis (HD) patients. We performed a cost-utility analysis, using a decision analysis tree model with a 12-month time horizon and a third party payer perspective",
246,pubmed,"Registering medicines for low-income countries: how suitable are the stringent review procedures of the World Health Organisation, the US Food and Drug Administration and the European Medicines Agency?",2014,Tropical medicine & international health : TM & IH,10.1111/tmi.12201,24134396,"New medicines are registered after a resource-demanding process. Unfortunately, in low-income countries (LICs), demand outweighs resources. To facilitate registration in LICs, stringent review procedures of the European Medicines Agency (EMA Article-58), Food and Drug Administration (FDA PEPFAR-linked review) and WHO Prequalification programme have been established. Only the PEPFAR-linked review gives approval, while the others make recommendations for approval. This study assessed the performance and discussed the challenges of these three stringent review procedures. Data from WHO, FDA, EMA,",
247,pubmed,WHO expert committee on specifications for pharmaceutical preparations.,2013,World Health Organization technical report series,,23821930,"The Expert Committee on Specifications for Pharmaceutical Preparations works towards clear, independent and practical standards and guidelines for the quality assurance of medicines. Standards are developed by the Committee through worldwide consultation and an international consensus-building process. The following new guidelines were adopted and recommended for use: Release procedure for International Chemical Reference Substances; WHO guidelines on quality risk management; WHO guidelines on variations to a prequalified product; and the Collaborative procedure between the World Health Organi",
248,pubmed,Will the EU Clinical Trials Regulation Support the Innovative Industry in Bringing New Medicines Faster to Patients?,2021,Pharmaceutical medicine,10.1093/jnci/djj060,23585715,"A perspective from the innovative industry is provided in this article about the long awaited legal proposal for a Clinical Trial Regulation (""Proposal""), adopted in July 2012. With this Proposal, the European Commission reacted to a call by all stakeholders for more harmonization and streamlining of the provisions for conducting clinical trials in the EU. Discrepant approaches between Member States, a failure to respect legal timelines, and a lack of formal coordination mechanisms within and between Member States have resulted in an increased workload for the industry and contributed to a dec",
249,pubmed,"Practical, ethical and regulatory considerations for the evolving medical and research genomics landscape.",2020,Applied & translational genomics,10.1016/j.atg.2013.02.001,27942444,"Recent advances in sequencing technology are making possible the application of large-scale genomic analyses to individualized care, both in wellness and disease. However, a number of obstacles remain before genomic sequencing can become a routine part of clinical practice. One of the more significant and underappreciated is the lack of consensus regarding the proper environment and regulatory structure under which clinical genome sequencing and interpretation should be performed. The continued reliance on pure research vs. pure clinical models leads to problems for both research participants ",
250,pubmed,Deficiencies of the FDA in evaluating generic formulations: addressing narrow therapeutic index drugs.,2013,American journal of law & medicine,10.1177/009885881203800403,23356099,"Generic drugs represent a significant portion of the medical arsenal in treating disease. As copies of originator drugs, these drugs have been permitted abbreviated approval under the Hatch-Waxman Act. Yet with the current cost focus upon generic formulations, potential safety issues with generics have arisen. Although there is an established criterion of ""bioequivalence"" that generic formulations must demonstrate, narrow-therapeutic index drugs for sensitive clinical circumstances such as epilepsy, antiplatelet therapies, and mental health treatments may require different regulatory treatment",
251,pubmed,The role of pre-shipment batch testing in ensuring good medicine quality.,2024,MalariaWorld journal,10.5281/zenodo.10997689,38854887,"Most donor agencies only procure drugs approved by a Stringent Regulatory Authority or the World Health Organization (WHO) Prequalification Programme in an effort to ensure high quality. However, the US President's Malaria Initiative has occasionally had to return approved drugs with quality issues to the manufacturer. This study compares the quality of artemisinin-based combination therapies (ACTs) produced by WHO-approved manufacturers with non-approved manufacturers and suggests policy changes to improve quality of donor-procured drugs. Over the past five years, covert shoppers procured 120",
252,pubmed,Lessons learned in shaping vaccine markets in low-income countries: a review of the vaccine market segment supported by the GAVI Alliance.,2015,Health policy and planning,10.1093/heapol/czs123,23174880,"The Global Alliance for Vaccines and Immunization (GAVI) anticipated that growing demand for new vaccines could sufficiently impact the vaccines market to allow low-income countries (LICs) to self-finance new vaccines. But the time required to lower vaccine prices was underestimated and the amount that prices would decline overestimated. To better understand how prices in the LIC vaccine market can be impacted, the vaccine market was retrospectively examined. GAVI archives and the published literature on the vaccine markets in LICs were reviewed for the purpose of identifying GAVI's early assu",
253,pubmed,Pharmacokinetic properties and bioequivalence of two sulfadoxine/pyrimethamine fixed-dose combination tablets: a parallel-design study in healthy Chinese male volunteers.,2013,Clinical therapeutics,10.1016/j.clinthera.2012.10.001,23084093,"Sulfadoxine/pyrimethamine fixed-dose combination (FDC) tablet is the long-acting portion of the antimalaria product Artecospe(®), coblister containing artesunate tablets plus sulfadoxine/pyrimethamine FDC tablets. This study was conducted to support the efficacy and tolerability of the sulfadoxine/pyrimethamine FDC tablet in the World Health Organization's (WHO) Prequalification of Medicines Programme, as well as to obtain marketing authorization in China. The aim of the present study was to compare the pharmacokinetic profiles between a new generic and the branded reference formulation of sul",
254,pubmed,WHO Expert Committee on Specifications for Pharmaceutical Preparations.,2012,World Health Organization technical report series,,22894011,"The Expert Committee on Specifications for Pharmaceutical Preparations works towards clear, independent and practical standards and guidelines for the quality assurance of medicines. Standards are developed by the Committee through worldwide consultation and an international consensus-building process. The following new guidelines were adopted and recommended for use: Development of monographs for The International Pharmacopoeia; WHO good manufacturing practices: water for pharmaceutical use; Pharmaceutical development of multisource (generic) pharmaceutical products--points to consider; Guide",
255,pubmed,Anti-infective medicine quality: analysis of basic product quality by approval status and country of manufacture.,2022,Research and reports in tropical medicine,10.2147/RRTM.S33108,30890867,"Some medicines for sale in developing countries are approved by a stringent regulatory authority (SRA) or the World Health Organization (WHO) prequalification program; many of these are global brands. This study ascertains whether medicines approved by SRAs or the WHO perform better in simple quality tests than those that have not been approved by either. Over the past 4 years, 2652 essential drugs (products to treat malaria, tuberculosis, and bacterial infections) were procured by covert shoppers from eleven African cities and eight cities in a variety of mid-income nations. All samples were ",
256,pubmed,Challenges and priorities in the management of HIV/HBV and HIV/HCV coinfection in resource-limited settings.,2012,Seminars in liver disease,10.1055/s-0032-1316476,22760654,"Liver disease due to chronic hepatitis B virus (HBV) and hepatitis C virus (HCV) infection is now emerging as an increasing cause of morbidity and mortality in human immunodeficiency virus- (HIV-) infected persons in resource-limited settings (RLS). Existing management guidelines have generally focused on care in tertiary level facilities in developed countries. Less than half of low-income countries have guidance, and in those that do, there are important omissions or disparities in recommendations. There are multiple challenges to delivery of effective hepatitis care in RLS, but the most imp",
257,pubmed,"Development of a group A meningococcal conjugate vaccine, MenAfriVac(TM).",2013,Human vaccines & immunotherapeutics,10.4161/hv.19619,22495119,"Group A meningococcal disease has been an important public health problem in sub-Saharan Africa for over a century. Outbreaks occur there annually, and large epidemics occur at intervals ranging between 8 and 12 y. The Meningitis Vaccine Project was established in 2001 with funding from the Gates Foundation with the goal of developing, testing, licensing, and introducing an affordable group A meningococcal conjugate vaccine into Africa. From 2003 to 2009 a monovalent group A conjugate vaccine, MenAfriVac(TM) , was developed at the Serum Institute of India, Ltd through an innovative public/priv",
258,pubmed,Association of factor V gene polymorphism with arteriovenous graft failure.,2012,American journal of kidney diseases : the official journal of the National Kidney Foundation,10.1053/j.ajkd.2011.11.036,22281051,Dialysis grafts fail due to recurrent stenosis and thrombosis. Vasoactive and prothrombotic substances affecting intimal hyperplasia or thrombosis may modify graft outcomes. Genetic polymorphisms association study of patients enrolled in a multicenter randomized clinical trial. 354 Dialysis Access Consortium (DAC) Study patients receiving a new graft with DNA samples obtained. Participants were randomly assigned to treatment with aspirin plus dipyridamole versus placebo. DNA sequence polymorphisms for the following candidate genes and their interaction with the study intervention: methylenetet,
259,pubmed,The use of paediatric artemisinin combinations in sub-Saharan Africa: a snapshot questionnaire survey of health care personnel.,2012,Malaria journal,10.1186/1475-2875-10-365,22168234,Paediatric drug formulations for artemisinin combination therapy (P-ACT) have been developed over the past few years and have been shown to improve the therapeutic management of young children with uncomplicated falciparum malaria. This process was however not equally paralleled by a timely adoption of P-ACT in national and international treatment recommendations. National malaria programmes in sub-Saharan Africa have not yet widely embraced this new therapeutic tool. To which extent P-ACT is used in the field in sub-Saharan Africa is not known to date. This snapshot questionnaire survey aimed,
260,pubmed,Standardized definitions for hemodialysis vascular access.,2012,Seminars in dialysis,10.1111/j.1525-139X.2011.00969.x,21906166,"Vascular access dysfunction is one of the leading causes of morbidity and mortality among end-stage renal disease patients. Vascular access dysfunction exists in all three types of available accesses: arteriovenous fistulas, arteriovenous grafts, and tunneled catheters. To improve clinical research and outcomes in hemodialysis (HD) access dysfunction, the development of a multidisciplinary network of collaborative investigators with various areas of expertise, and common standards for terminology and classification in all vascular access types, is required. The North American Vascular Access C",
261,pubmed,Streamline integration using MPI-hybrid parallelism on a large multicore architecture.,2012,IEEE transactions on visualization and computer graphics,10.1109/TVCG.2010.259,21885895,"Streamline computation in a very large vector field data set represents a significant challenge due to the nonlocal and data-dependent nature of streamline integration. In this paper, we conduct a study of the performance characteristics of hybrid parallel programming and execution as applied to streamline integration on a large, multicore platform. With multicore processors now prevalent in clusters and supercomputers, there is a need to understand the impact of these hybrid systems in order to make the best implementation choice. We use two MPI-based distribution approaches based on establis",
262,pubmed,Current status of the clinical development and implementation of paediatric artemisinin combination therapies in Sub-Saharan Africa.,2012,Wiener klinische Wochenschrift,10.1007/s00508-011-0039-3,21826416,"Timely treatment of infected children with artemisinin based combination therapies is an essential tool for the effective control and potential elimination of malaria. Until recently only tablet formulations have been available for the treatment of children leading to problems of swallowability, palatability and dosing. In consequence, paediatric drug formulations of artemisinin-based combination therapy (ACT) have been developed, showing a clinically significant improvement of tolerability in young children and of their implementation is an increasingly important public health issue. In this ",
263,pubmed,Foreword: Follow-on Biologics: Implementation Challenges and Opportunities.,2011,Seton Hall law review,,21739728,"This Book of the Seton Hall Law Review presents the contributions to Follow-On Biologics: Implementation Challenges and Opportunities, a one-day roundtable event hosted by Seton Hall University School of Law in the fall of 2010. The roundtable fostered an international dialogue regarding the future of follow-on biologics in the United States resulting from the Patient Protection and Affordable Care Act of March 2010. THE BIOLOGIC PRICE COMPETITION AND INNOVATION ACT OF 2010. The March 23, 2010, enactment of the Patient Protection and Affordable Care Act (PPACA) and the companion Health Care an",
264,pubmed,Indian vaccine innovation: the case of Shantha Biotechnics.,2011,Globalization and health,10.1186/1744-8603-7-9,21507259,"Although the World Health Organization had recommended that every child be vaccinated for Hepatitis B by the early 1980s, large multinational pharmaceutical companies held monopolies on the recombinant Hepatitis B vaccine. At a price as high as USD$23 a dose, most Indians families could not afford vaccination. Shantha Biotechnics, a pioneering Indian biotechnology company founded in 1993, saw an unmet need domestically, and developed novel processes for manufacturing Hepatitis B vaccine to reduce prices to less than $1/dose. Further expansion enabled low-cost mass vaccination globally through ",
265,pubmed,"The comparability conundrum: biosimilars in the United States, Europe and Canada.",2014,Food and drug law journal,,24505840,"A biosimilar contains an active ingredient that is similar, but not identical, to the active ingredient in an approved reference drug. This raises the issue of when and how a biosimilar should be allowed to compare to a reference drug for marketing approval. This paper looks at the current regulation of biosimilars in Europe, the United States and Canada. The response to the challenge of regulating biosimilars has been varied. For example, Europe implemented a specialized, abbreviated legal pathway about five years before the United States. In Canada, abbreviated approval by comparison to an a",
266,pubmed,Exclusivity strategies and opportunities in view of the Biologics Price Competition and Innovation Act.,2014,Food and drug law journal,,24505830,"Government-provided exclusivity periods provide pharmaceutical companies with incentives to invest in new drugs. Meanwhile, encouraging competition serves another worthy goal of improving the affordability of medications. Decades ago, the Hatch-Waxman Act set forth provisions attempting to balance these objectives in the context of small-molecule drugs. Recently, the Biologics Price Competition and Innovation Act was enacted to meet similar aims in the context of biologic drugs. This article presents a detailed comparison of these two Acts. While the Acts share many global similarities (e.g., ",
267,pubmed,The biowaiver procedure: its application to antituberculosis products in the WHO prequalification programme.,2011,Journal of pharmaceutical sciences,10.1002/jps.22349,20928870,"In 2005, the World Health Organization (WHO) proposed that provided an active pharmaceutical ingredient could meet certain criteria, bioequivalence could be evaluated with a set of laboratory tests, obviating the need for expensive and time-consuming pharmacokinetic studies in humans. The aim of this work was to determine whether this so-called ""biowaiver"" procedure can be applied to antituberculosis products. Antituberculosis products from the WHO Prequalification Programme, including three ethambutol, two isoniazid and one pyrazinamide product, were investigated. In vitro dissolution data fo",
268,pubmed,RotaTeq: Progress toward developing world access.,2010,The Journal of infectious diseases,10.1086/653546,20684723,"Phase III studies of an oral, live, pentavalent, human-bovine reassortant rotavirus vaccine (RotaTeq; Merck) in developed countries have demonstrated that it is well tolerated with regard to intussusception and other adverse events and is efficacious in preventing rotavirus gastroenteritis and associated healthcare encounters. However, it cannot be assumed that rotavirus vaccines will be equally efficacious in infants and young children in the developing world. Differences in host populations, associated health conditions, and the epidemiology of rotavirus disease could affect vaccine performa",
269,pubmed,China's emerging vaccine industry.,2011,Human vaccines,10.4161/hv.6.7.11933,20523120,"The Chinese vaccine industry is developing rapidly due to an emerging and large market for current and new vaccines, a large potential for local vaccine manufacturing both in the public and private domain, and a governmental orientation towards national vaccine self-sufficiency. There are currently over 40 companies and institutions manufacturing a large variety of traditional (EPI) and some new vaccines. The innovative development capacity of state vaccine institutions is stimulated by significant government investments. Various Chinese influenza manufacturers were in 2009 among the first wor",
270,pubmed,Intervening in global markets to improve access to HIV/AIDS treatment: an analysis of international policies and the dynamics of global antiretroviral medicines markets.,2011,Globalization and health,10.1186/1744-8603-6-9,20500827,"Universal access to antiretroviral therapy (ART) in low- and middle-income countries faces numerous challenges: increasing numbers of people needing ART, new guidelines recommending more expensive antiretroviral (ARV) medicines, limited financing, and few fixed-dose combination (FDC) products. Global initiatives aim to promote efficient global ARV markets, yet little is known about market dynamics and the impact of global policy interventions. We utilize several data sources, including 12,958 donor-funded, adult first-line ARV purchase transactions, to describe the market from 2002-2008. We ex",
271,pubmed,Global regulatory standards for the approval of biosimilars.,2014,Food and drug law journal,,24479248,"On March 23, 2010, President Barack Obama signed into law the Patient Protection and Affordable Care Act, which contains the Biologics Price Competition and Innovation Act. Biosimilars have an important role in the United States health care system, and this new law creates an abbreviated approval pathway for biosimilar products in the U.S. A biosimilar is a biologic product demonstrated to be highly similar to an approved innovator biologic product (""reference product""). While the law provides general information on the standards to demonstrate biosimilarity, Congress has authorized the FDA to",
272,pubmed,"No longer ""if,"" but ""when"": the coming abbreviated approval pathway for follow-on biologics.",2009,Food and drug law journal,,19998743,"Abbreviated approval of follow-on biologics involves answering complex scientific, legal, and policy questions. The Food and Drug Administration (FDA or the Agency) asserts that it lacks the statutory authority to approve follow-on versions of biologics licensed under Section 351 of the Public Health Service Act (PHSA). Despite persuasive arguments to the contrary the one hundred and tenth Congress entertained four legislative proposals to give FDA this authority, each markedly different. It is no longer a question of ""if,"" but ""when"" FDA will receive authority to review and license abbreviate",
273,pubmed,Reaching international GMP standards for vaccine production: challenges for developing countries.,2009,Expert review of vaccines,10.1586/erv.09.23,19397413,"Standards for vaccine production have been increasing at a rapid rate. Current standards of good manufacturing practice (GMP) had been thought to be out of the reach of developing country vaccine producers, many of whom are in the public sector, overseen by unvalidated national regulatory authorities (NRAs). With the advent of the GMP regulations in 1963 and their application to vaccine production, even many industrialized country manufacturers with stringent NRA oversight had difficulties. This article assesses the ability of developing country manufacturers to meet GMP by the only currently ",
274,pubmed,A European perspective on the Dialysis Access Consortium (DAC) study regarding the effects of clopidogrel on early failure of arteriovenous fistulas for hemodialysis.,2009,The journal of vascular access,,19085890,,
275,pubmed,More than reducing early fistula thrombosis is required: lessons from the Dialysis Access Consortium clopidogrel fistula study.,2008,American journal of kidney diseases : the official journal of the National Kidney Foundation,10.1053/j.ajkd.2008.09.005,18971012,,
276,pubmed,The challenges forensic nurses face when their patient is comatose: addressing the needs of our most vulnerable patient population.,2008,Journal of forensic nursing,10.1111/j.1939-3938.2008.00018.x,18798876,"Since 1996, the American Nurses Association has recognized forensic nursing as a formal specialty. Despite this recognition, Sexual Assault Nurse Examiners and Emergency Department nurses struggle with incorporating evidence collection into the care they give the unconscious or comatose patient they suspect has been sexually assaulted. Through case example, this article provides an abbreviated review of the circumstances under which these patients present for care, current challenges, and barriers in upholding the standard of forensic nursing care, as well as proposed interventions for the pra",
277,pubmed,Biosimilars: opinion of an expert panel in the Middle East.,2009,Current medical research and opinion,10.1185/03007990802381554,18768104,"Several biotechnology-derived drugs are reaching the end of their patent lives. As a result, so-called biosimilar products are in development, and a few have already gained approval in Europe and other countries such as the USA. Biosimilars, unlike generic versions of conventional drugs, are not identical to their reference product, and their production is complex and sensitive to even slight changes in the manufacturing and storage process. Therefore, the registration of these products requires more stringent evaluation than that for conventional generics. A consensus group of experts from th",
278,pubmed,Follow-on biologics: data exclusivity and the balance between innovation and competition.,2008,Nature reviews. Drug discovery,10.1038/nrd2532,18469828,"Legislation to create a regulatory pathway for follow-on biologics is currently being considered by the United States Congress. A critical issue in this respect is the period of data exclusivity for innovator companies before a follow-on competitor can rely in part on data obtained for an original biologic for an abbreviated approval. Given the nature of patents on biologics, the period of data exclusivity is anticipated to have a key role in determining how quickly follow-on competitors emerge, and consequently also on the time available for originator companies to recoup their investment. Wi",
279,pubmed,Performance of a population of independent filaments in lamellipodial protrusion.,2008,Biophysical journal,10.1529/biophysj.107.125005,18390606,"Actin polymerization is responsible for moving a wide variety of loads, from the protrusion of membrane-bound filopodia and lamellipodia of immune, cancer, and other motile cells, to the propulsion of some intracellular pathogens. A universal explanation of the forces and velocities generated by these systems has been hampered by a lack of understanding in how a population of independent filaments pushes these loads. Protrusion of a lamellipodium by the very filaments supporting the membrane load is thought to operate by the Brownian ratchet mechanism, with overall organization governed by the",
280,pubmed,Unique functions of splenic CD8alpha+ dendritic cells during infection with intracellular pathogens.,2008,Immunology letters,10.1016/j.imlet.2007.09.007,17964665,"Deciphering the prerequisites for the induction of protective cytotoxic T cell responses is essential for future development of more effective CD8(+) T cell-based vaccines against infectious diseases and cancer. Since crucial events for CD8(+) T cell priming and differentiation occur during the first contacts of naïve T cells with distinct antigen-presenting cells (APCs), the identification and therapeutic targeting of these 'master' APCs has become a major quest in the field. A decade ago, dendritic cells (DCs) were discovered as potent APCs, as they combine all major features for the initiat",
281,pubmed,Abbreviated approval process in the works for 'biosimilar' drugs.,2007,"Managed care (Langhorne, Pa.)",,17491291,,
282,pubmed,Potential pathways for abbreviated approval of generic biologics under existing law and proposed reforms to the law.,2007,Food and drug law journal,,17444027,,
283,pubmed,A study of the capability of manufacturers of generic hormonal contraceptives in lower- and middle-income countries.,2007,Contraception,10.1016/j.contraception.2006.11.008,17362712,"Studies were undertaken to assess the capability, competence and capacity of manufacturers of oral and injectable hormonal contraceptives in lower- and middle-income countries. A qualitative study on 41 companies, which comprised in-depth interviews and facility observations, was undertaken. Also an in-depth quantitative study of 14 companies was undertaken, of which 3 have not been included in the first study. Following review of a questionnaire and other documentation, a visit was undertaken to each factory to assess staff competence, manufacturing facilities, manufacturing processes, qualit",
284,pubmed,What factors are affecting physician payment by acute care hospitals in rural Japan?,2009,Journal of medical and dental sciences,,19845136,"The regional discrepancies of physician supply have been a growing concern in Japan. To find out how hospitals are responding in terms of physician payment (by monthly salaries and additional benefits), we conducted a survey of acute care hospitals in Yamagata, Japan. We asked about the salary and additional benefits of full-time physicians and the structural and functional characteristics of health care service provision. From these data we set out to assemble a model that can explain effectively the variability of physician payment in acute care hospitals within the prefecture. We found that",
285,pubmed,"[WHO program for prequalification of antiretroviral, antimalarial and antituberculosis drugs].",2007,Medecine tropicale : revue du Corps de sante colonial,,17286018,"Partnered with UNICEF, UNAIDS and the UN Population Fund, and receiving support from the World Bank, the WHO Prequalification Programme provides a solid, scientific assessment of the quality of both generic and patented medicines, based on internationally harmonized standards for evaluating information on product quality and bioequivalence, inspecting manufacturing sites, and undertaking quality control of pharmaceutical production. Agencies and organizations who procure medicines can be assured that products prequalified by WHO are of proven quality and that they do not themselves have to tes",
286,pubmed,Design of the Dialysis Access Consortium (DAC) Clopidogrel Prevention of Early AV Fistula Thrombosis Trial.,2006,"Clinical trials (London, England)",10.1191/1740774505cn118oa,16317810,"The Dialysis Access Consortium (DAC) was developed to investigate interventions to improve hemodialysis vascular access outcomes. The autogenous arteriovenous fistula created by direct connection of native artery to vein is the recommended vascular access for hemodialysis. However, it fails frequently due to clotting after surgery. The DAC Early AV Fistula Thrombosis Trial tests the hypothesis that clopidogrel can prevent early fistula failure and increase the number of fistulas that ultimately become usable for hemodialysis access. This is one of two initial and concurrent trials being perfor",
287,pubmed,Design of the Dialysis Access Consortium (DAC) Aggrenox Prevention Of Access Stenosis Trial.,2006,"Clinical trials (London, England)",10.1191/1740774505cn110oa,16317809,"Surgically created arteriovenous (AV) grafts are the most common type of hemodialysis vascular access in the United States, but fail frequently due to the development of venous stenosis. The Dialysis Access Consortium (DAC) Aggrenox Prevention of Access Stenosis Trial tests the hypothesis that Aggrenox (containing dipyridamole and aspirin) can prevent stenosis and prolong survival of arteriovenous grafts. This is a multicenter, randomized, double-blind, placebo-controlled trial that will enroll 1056 subjects over four years with one-half year follow-up. Subjects undergoing placement of a new A",
288,pubmed,[Navigator concept. Optimizing the procedure for navigated total knee arthroplasty].,2006,Der Orthopade,10.1007/s00132-005-0853-2,16133155,"This study addresses work sharing during navigation-assisted total knee arthroplasty. Specifically, the concept is introduced of a ""navigator"" assistant who operates the navigation system during surgery while the surgeon concentrates on the primary steps of surgery. In a prospective study of 40 total knee arthroplasties, one group of patients was treated using the navigator concept, a second group was treated using a conventional navigation setup, and a third group was treated with conventional internal and external alignment jigs. Surgery time and outcome parameters were compared. Results sho",
289,pubmed,"The market shaping of charges, trust and abuse: health care transactions in Tanzania.",2005,Social science & medicine (1982),10.1016/j.socscimed.2004.11.072,16005774,"Effective health care is a relational activity, that is, it requires social relationships of trust and mutual understanding between providers and those needing and seeking care. The breakdown of these relationships is therefore impoverishing, cutting people off from a basic human capability, that of accessing of decent health care in time of need. In Tanzania as in much of Africa, health care relationships are generally also market transactions requiring out-of-pocket payment. This paper analyses the active constitution and destruction of trust within Tanzanian health care transactions, demons",
290,pubmed,An abbreviated review of immune abnormalities in schizophrenia.,2005,CNS spectrums,10.1017/s1092852900021763,15999027,"Initial investigations of the possible interaction between schizophrenia and the immune system began in the early 1900s and have proceeded in a rather halting fashion because of the methodological challenges faced by investigators. However, a confluence of recent data suggests that activation of the inflammatory response system, the cellular immune system, and the humoral immune system may be present in some patients with schizophrenia. Some of the most compelling data support the hypothesis that minor levels of immune activation may be associated with acute psychotic exacerbations. However, a",
291,pubmed,Two AIDS medicines back on WHO prequalification list.,2005,Releve epidemiologique hebdomadaire,,15646322,,
292,pubmed,New edition of WHO prequalification list to include four new anti-AIDS medicines.,2005,Journal of advanced nursing,,15521100,,
293,pubmed,Work flow policy and within-worker and between-workers variability in performance.,2004,The Journal of applied psychology,10.1037/0021-9010.89.5.911,15506870,"Work flow policies are shown to induce a change in average between-workers variability (worker heterogeneity) and within-worker variability in performance times. In a laboratory experiment, the authors measured the levels of worker heterogeneity and within-worker variability under an individual performance condition, a work sharing condition, and a fixed assignment condition. The work sharing policy increased the levels of worker heterogeneity and worker variability, whereas the fixed assignment policy decreased them. These effects, along with work flow policy main effects on mean performance ",
294,pubmed,A comprehensive expression analysis of the starch synthase gene family in rice (Oryza sativa L.).,2005,Planta,10.1007/s00425-004-1314-6,15232694,"To elucidate the roles of the isogenes encoding starch synthase (EC 2.4.1.21) in rice (Oryza sativa L.), a comprehensive expression analysis of the gene family was conducted. Extensive searches for starch synthase genes were done in the databases of both the whole genome and full-length cDNAs of rice, and ten genes were revealed to comprise the starch synthase gene family. Multi-sequence alignment analysis of the starch synthase proteins from rice and other plant species suggested that they were grouped into five classes, soluble starch synthase I (SSI), SSII, SSIII, SSIV and granule-bound sta",
295,pubmed,Health insurance expansion through states in a pluralistic system.,2001,"Journal of health politics, policy and law",10.1215/03616878-26-3-581,11430253,"The United States continues to stand almost alone among developed nations in its lack of universal health care coverage. In this essay, we argue that even though the debate over whether the federal government or states should lead the effort to expand health care coverage under the federal system is relevant in strategizing how to cover the uninsured; the more critical issues stem from the challenge of the mixed and fragmented mode of public-private financing of our pluralistic health care system. We base this argument on (1) an in-depth review of Oregon's and Tennessee's five years of experie",
296,pubmed,Epidemiology and molecular biology of early prostatic neoplasia.,2000,Molecular urology,,11062364,"This paper provides our institutional data with respect to the prevalence of early neoplastic changes within the prostate gland and the age and race distribution of the patients. The changes examined were prostatic intraepithelial neoplasia (PIN) and preclinical (latent) cancers. The literature on the prevalence of these early lesions among different geographic and ethnic groups is summarized, and an abbreviated review of the more common molecular alterations reported at this early phase of prostatic neoplasia is offered.",
297,europepmc,"Progress, impacts and lessons from market shaping in the past decade: a systematic review.",2025,,10.3389/fpubh.2025.1614471,40917430,,
298,europepmc,Vaccine Inequity in the COVID-19 Crisis: Lessons to Leverage Global Health Law through Market-Shaping Policies.,2025,,10.1017/jme.2025.18,40143624,,
299,europepmc,Industry Perceptions and Experiences with the Access Consortium New Active Substance Work-Sharing Initiative (NASWSI): Survey Results and Recommendations.,2024,,10.1007/s43441-024-00624-7,38459358,,
300,europepmc,Therapeutic value of oncology drugs approved by Health Canada through Project Orbis: a cross-sectional study.,2025,,10.1016/j.jcpo.2025.100635,40854481,,
301,europepmc,"Evaluation of the implementation and the associated operating costs of a medicine regulatory harmonisation model in Africa: the case of ZaZiBoNa, a SADC work-sharing initiative.",2025,,10.1080/20523211.2025.2490565,40291139,,
302,europepmc,Barriers to WHO prequalification of similar biotherapeutic insulin.,2024,,10.2471/blt.24.291804,39464844,,
303,europepmc,The market-shaping potential of a crisis,2022,,,,,
304,europepmc,Evolving market-shaping strategies to boost access to essential medical products in developing countries with HIV self-testing as a case study.,2023,,10.1186/s41256-023-00310-5,37443153,,
305,europepmc,"Worldwide Regulatory Reliance: Results of an Executed Chemistry, Manufacturing, and Control Post-Approval Change Pilot.",2025,,10.5731/pdajpst.2024-003023.1,40300810,,
306,europepmc,"Clinical benefit, reimbursement outcomes, and prices of FDA-approved cancer drugs reviewed through Project Orbis in the USA, Canada, England, and Scotland: a retrospective, comparative analysis.",2024,,10.1016/s1470-2045(24)00286-9,39004098,,
307,europepmc,Market Shaping and Market Access in the Global Vaccines Market: Approaches for the Future,2021,,10.2139/ssrn.3945668,,,
308,europepmc,WHO-listed authorities (WLA) framework: transparent evidence-based approach for promoting regulatory reliance towards increased access to quality-assured medical products.,2024,,10.3389/fmed.2024.1467229,39376648,,
309,europepmc,Applying market shaping approaches to increase access to assistive technology in low- and middle-income countries.,2021,,10.1080/10400435.2021.1991050,34951822,,
310,europepmc,Comparative Expedited Regulatory Programs of U.S Food & Drug Administration and Project Orbis Partners.,2023,,10.1007/s43441-023-00522-4,37072651,,
311,europepmc,"Effect of Project Orbis participation by the Swiss regulator on submission gaps, review times, and drug approval decisions between 2020 and 2022: a comparative analysis.",2024,,10.1016/s1470-2045(24)00158-x,38754450,,
312,europepmc,Collective market shaping by competitors and its contribution to market resilience.,2021,,10.1016/j.jbusres.2020.09.005,32958968,,
313,europepmc,PD199 Global Collaboration Post-Brexit: Do Project Orbis And The Access Consortium Improve Access In The UK Compared With Europe?,2025,,,,,
314,europepmc,Regulatory reliance for convergence and harmonisation in the medical device space in Asia-Pacific.,2022,,10.1136/bmjgh-2022-009798,35985696,,
315,europepmc,"Rethinking single-use plastics: Innovations, polices, consumer awareness and market shaping biodegradable solutions in the packaging industry",2025,,,,,
316,europepmc,"Meeting report: Advancing accelerated regulatory review with Real-Time Oncology Review (RTOR), Project Orbis, and the Product Quality Assessment Aid.",2022,,10.1186/s41120-022-00066-1,36530577,,
317,europepmc,Current Application of the Medical Device Single Audit Program (MDSAP) as a Global Regulatory Reliance Framework for the Inspection of Medical Devices.,2024,,10.1007/s43441-024-00696-5,39212895,,
318,europepmc,"Borrowing regulatory capacity in middle-income countries during public health crises: Brazil, regulatory reliance, and the politics of COVD-19 vaccine regulation.",2025,,10.1016/j.socscimed.2024.117563,39705755,,
319,europepmc,One billion doses and WHO prequalification of nOPV2: Implications for the global polio situation and beyond.,2024,,10.1371/journal.pgph.0002920,38335217,,
320,europepmc,Pharmacovigilance capacity strengthening for WHO prequalification: The case of the trivalent influenza vaccine manufactured by Instituto Butantan.,2019,,10.1016/j.vaccine.2019.09.082,31590933,,
321,europepmc,Project Orbis: Global Collaborative Review Program.,2020,,10.1158/1078-0432.ccr-20-3292,33037016,,
322,europepmc,A new era for African health systems: Market shaping and the African Continental Free Trade Area (AfCFTA).,2024,,10.1002/puh2.172,40496150,,
323,europepmc,Intersections Between Systems Thinking and Market Shaping for Assistive Technology: The SMART (Systems-Market for Assistive and Related Technologies) Thinking Matrix.,2018,,10.3390/ijerph15122627,30477141,,
324,europepmc,Review of quality deficiencies found in active pharmaceutical ingredient master files submitted to the WHO Prequalification of Medicines Programme.,2014,,10.18433/j3q60j,24934546,,
325,europepmc,[Licensing procedures for human vaccines in Germany and Europe and the WHO prequalification program].,2020,,10.1007/s00103-019-03059-w,31776598,,
326,europepmc,A qualitative assessment of the challenges of WHO prequalification for anti-malarial drugs in China.,2018,,10.1186/s12936-018-2303-8,29615066,,
327,europepmc,From the European Medicines Agency to Project Orbis: new activities and challenges to facilitate UK oncology drug approval following Brexit.,2023,,10.1016/s1470-2045(22)00701-x,36990613,,
328,europepmc,A quiet revolution in global public health: The World Health Organization's Prequalification of Medicines Programme.,2014,,10.1057/jphp.2013.53,24430804,,
329,europepmc,Work-sharing and male employees' mental health during an economic recession.,2017,,10.1093/occmed/kqx135,29016936,,
330,europepmc,Seizing market shaping opportunities for vaccine cold chain equipment.,2017,,10.1016/j.vaccine.2016.12.073,28364940,,
331,europepmc,SpatialViewer: A Remote Work Sharing Tool that Considers Intimacy Among Workers,2021,,,,,
332,europepmc,A Market Shaping Approach for the Biopharmaceutical Industry: Governing Innovation Towards the Public Interest.,2021,,10.1017/jme.2021.8,33966657,,
333,europepmc,"Option-based guarantees to accelerate urgent, high-risk vaccines: a new market-shaping approach",2021,,10.12688/f1000research.26482.2,,,
334,europepmc,Implementation of a Framework for an Abridged Review Using Good Reliance Practices: Optimising the Medicine Regulatory Review Process in South Africa.,2020,,10.1007/s43441-020-00144-0,32865802,,
335,europepmc,"Worldwide Regulatory Reliance: Launching a Pilot on a Chemistry, Manufacturing, and Control Post Approval Change for a Vaccine.",2024,,10.5731/pdajpst.2023.012850,37973190,,
336,europepmc,Project Orbis: the UK experience after 1 year.,2022,,10.1016/s1470-2045(22)00377-1,35901819,,
337,europepmc,"Option-based guarantees to accelerate urgent, high-risk vaccines: a new market-shaping approach.",2020,,10.12688/f1000research.26482.2,33500777,,
338,europepmc,Assuring access to quality antiretroviral medicines: the WHO Prequalification of Medicines Program and access to HIV treatment.,2014,,10.1590/0102-311xpe010514,24936808,,
339,europepmc,Initiative for Promoting Affordable and Quality Tuberculosis Tests (IPAQT): a market-shaping intervention in India.,2019,,10.1136/bmjgh-2019-001539,31908854,,
340,europepmc,The biowaiver procedure: its application to antituberculosis products in the WHO prequalification programme.,2011,,10.1002/jps.22349,20928870,,
341,europepmc,Typhoid conjugate vaccine gets WHO prequalification.,2018,,10.1016/s1473-3099(18)30087-2,29485093,,
342,europepmc,WHO collaborative registration procedure using stringent regulatory authorities' medicine evaluation: reliance in action?,2022,,10.1080/17512433.2022.2037419,35130803,,
343,europepmc,Regulatory reliance pathways during health emergencies: enabling timely authorizations for COVID-19 vaccines in Latin America.,2022,,10.26633/rpsp.2022.115,36060200,,
344,europepmc,Regulatory reliance to approve new medicinal products in Latin American and Caribbean countries.,2021,,10.26633/rpsp.2021.10,33859678,,
345,europepmc,Actions of the National Regulatory Authorities in 10 Low- and Middle-Income Countries Following Stringent Regulatory Authority Safety Alerts on Rosiglitazone.,2015,,10.1177/2168479014551644,30222412,,
346,europepmc,Private health care market shaping and changes in inequities in childhood diarrhoea treatment coverage: evidence from the analysis of baseline and endline surveys of an ORS and zinc scale-up program in Nigeria.,2021,,10.1186/s12939-021-01425-2,33789694,,
347,europepmc,Dermatologists Can Treat Ocular Rosacea: An Abbreviated Review of Intense Pulsed Light for Rosacea Eye Disease.,2024,,10.1097/dss.0000000000004192,38595166,,
348,europepmc,Private Health Care Market Shaping and Equity in Childhood Diarrhea Treatment: Evidence From Data Analysis of an ORS&nbsp;and Zinc Scale-up Program in Eight States Across Nigeria&nbsp;,2020,,10.21203/rs.3.rs-97224/v1,,,
349,europepmc,A qualitative study of biosimilar manufacturer and regulator perceptions on intellectual property and abbreviated approval pathways.,2020,,10.1038/s41587-020-0717-7,33144720,,
350,europepmc,"No longer ""if,"" but ""when"": the coming abbreviated approval pathway for follow-on biologics.",2009,,,19998743,,
351,europepmc,Two AIDS medicines back on WHO prequalification list.,2004,,,15646322,,
352,europepmc,"The market shaping of charges, trust and abuse: health care transactions in Tanzania.",2005,,10.1016/j.socscimed.2004.11.072,16005774,,
353,europepmc,New edition of WHO prequalification list to include four new anti-AIDS medicines.,2004,,,15521100,,
354,europepmc,Thyroglossal Duct Cyst: Abbreviated Review and Case Report.,2017,,,28156123,,
355,europepmc,Abbreviated approval process in the works for 'biosimilar' drugs.,2007,,,17491291,,
356,europepmc,Design of the Dialysis Access Consortium (DAC) Aggrenox Prevention Of Access Stenosis Trial.,2005,,10.1191/1740774505cn110oa,16317809,,
357,europepmc,Design of the Dialysis Access Consortium (DAC) Clopidogrel Prevention of Early AV Fistula Thrombosis Trial.,2005,,10.1191/1740774505cn118oa,16317810,,
358,europepmc,Potential pathways for abbreviated approval of generic biologics under existing law and proposed reforms to the law.,2007,,,17444027,,
359,europepmc,An abbreviated review of immune abnormalities in schizophrenia.,2001,,10.1017/s1092852900021763,15999027,,
360,europepmc,More than reducing early fistula thrombosis is required: lessons from the Dialysis Access Consortium clopidogrel fistula study.,2008,,10.1053/j.ajkd.2008.09.005,18971012,,
361,europepmc,A European perspective on the Dialysis Access Consortium (DAC) study regarding the effects of clopidogrel on early failure of arteriovenous fistulas for hemodialysis.,2008,,10.1177/112972980800900401,19085890,,
